drug_name,title,setid,status,dose_pattern_count,dosage_text,warnings_text,adverse_reactions_text,error
amoxicillin,"AMOXICILLIN CAPSULE [NUCARE PHARMACEUTICALS,INC.]",5155ca5d-fe58-42b4-e063-6394a90ab135,OK,50,"2 DOSAGE AND ADMINISTRATION In Adults, 750 to 1750 mg/day in divided doses every 8 to 12 hours. In Pediatric Patients over 3 Months of Age, 20 to 45 mg/kg/day in divided doses every 8 to 12 hours. Refer to full prescribing information for specific dosing regimens. ( 2.2 , 2.3 ) The upper dose for neonates and infants aged 3 months or younger is 30 mg/kg/day divided every 12 hours. ( 2.3 ) Dosing for H. pylori Infection (in Adults): Triple therapy: 1 gram amoxicillin, 500 mg clarithromycin, and 30 mg lansoprazole, all given twice daily (every 12 hours) for 14 days. Dual therapy: 1 gram amoxicillin and 30 mg lansoprazole, each given three times daily (every 8 hours) for 14 days. ( 2.4 ) Reduce the dose in patients with severe renal impairment (GFR greater than 30 mL/min). (2.5) 2.1 Important Administration Instructions To minimize the potential for gastrointestinal intolerance, amoxicillin capsules should be taken at the start of a meal. 2.2 Dosage for Adults and Pediatric Patients Aged 3 Months (12 weeks) and Older Treatment should be continued for a minimum of 48 to 72 hours beyond the time that the patient becomes asymptomatic, or evidence of bacterial eradication has been obtained. It is recommended that there be at least 10 days’ treatment for any infection caused by Streptococcus pyogenes to prevent the occurrence of acute rheumatic fever. In some infections, therapy may be required for several weeks. It may be necessary to continue clinical and/or bacteriological follow-up for several months after cessation of therapy. Table 1. Dosage Recommendations for Adult and Pediatric Patients Aged 3 Months (12 weeks) and Older Infection Severity a Recommended Dosage for Adults and Pediatric Patients Aged 3 Months and Older and Weight Greater than 40 kg Recommended Dosage for Pediatric Patients Aged 3 Months and Older and Weight Less than 40 kg Ear/Nose/Throat Skin/Skin Structure Genitourinary Tract Mild/Moderate 500 mg every 12 hours or 250 mg every 8 hours 25 mg/kg/day in divided doses every 12 hours or 20 mg/kg/day in divided doses every 8 hours Severe 875 mg every 12 hours or 500 mg every 8 hours 45 mg/kg/day in divided doses every 12 hours or 40 mg/kg/day in divided doses every 8 hours Lower Respiratory Tract Mild/Moderate or Severe 875 mg every 12 hours or 500 mg every 8 hours 45 mg/kg/day in divided doses every 12 hours or 40 mg/kg/day in divided doses every 8 hours a Dosage for infections caused by bacteria that are intermediate in their susceptibility to amoxicillin should follow the recommendations for severe infections. 2.3 Dosage in Pediatric Patients Aged Less than 12 Weeks (3 months) It is recommended that there be at least 10 days’ treatment for any infection caused by Streptococcus pyogenes to prevent the occurrence of acute rheumatic fever. Due to incompletely developed renal function affecting elimination of amoxicillin in this age group, the recommended upper dose of amoxicillin capsules is 30 mg/kg/day divided every 12 hours. There are currently no dosing recommendations for pediatric patients with impaired renal function. Treatment should be continued for a minimum of 48 to 72 hours beyond the time that the patient becomes asymptomatic, or evidence of bacterial eradication has been obtained. 2.4 Dosage for H. pylori Infection in Adults Triple therapy: The recommended adult oral dose is 1 gram amoxicillin, 500 mg clarithromycin, and 30 mg lansoprazole, all given twice daily (every 12 hours) for 14 days. Dual therapy: The recommended adult oral dose is 1 gram amoxicillin and 30 mg lansoprazole, each given three times daily (every 8 hours) for 14 days. Please refer to clarithromycin and lansoprazole full prescribing information. 2.5 Dosage in Renal Impairment for Adults and Pediatric Patients Aged 3 Months and Older and Weight Greater than 40 kg Patients with impaired renal function do not generally require a reduction in dose unless the impairment is severe. Renal impairment patients with a glomerular filtration rate of less than 30 mL/min should NOT receive the 875 mg dose. See dosage regimens in patients with severe renal impairment provided in Table 2. Table 2. Dosing in Patients with Severe Renal Impairment Patients with Renal Impairment Dosage Regimen GFR 10 to 30 mL/min 500 mg or 250 mg every 12 hours, depending on the severity of the infection GFR less than 10 mL/min 500 mg or 250 mg every 24 hours, depending on severity of the infection Hemodialysis 500 mg or 250 mg every 24 hours, depending on severity of the infection Administer an additional dose both during and at the end of dialysis

2.1 Important Administration Instructions To minimize the potential for gastrointestinal intolerance, amoxicillin capsules should be taken at the start of a meal.

2.2 Dosage for Adults and Pediatric Patients Aged 3 Months (12 weeks) and Older Treatment should be continued for a minimum of 48 to 72 hours beyond the time that the patient becomes asymptomatic, or evidence of bacterial eradication has bee","5 WARNINGS AND PRECAUTIONS Anaphylactic reactions: Serious and occasionally fatal anaphylactic reactions have been reported in patients on penicillin therapy, including amoxicillin. Discontinue amoxicillin if a reaction occurs ( 5.1 ). Severe cutaneous adverse reactions (SCAR): Monitor closely. Discontinue if rash progresses. ( 5.2 ) Drug-induced enterocolitis syndrome (DIES) has been reported with amoxicillin use. If this occurs, discontinue amoxicillin and institute appropriate therapy. ( 5.3 ) Clostridioides difficile -associated diarrhea (CDAD) (ranging from mild diarrhea to fatal colitis): Evaluate if diarrhea occurs. ( 5.4 ) 5.1 Anaphylactic Reactions Serious and occasionally fatal hypersensitivity (anaphylactic) reactions have been reported in patients on penicillin therapy including amoxicillin. Although anaphylaxis is more frequent following parenteral therapy, it has occurred in patients on oral penicillins. These reactions are more likely to occur in individuals with a history of penicillin hypersensitivity and/or a history of sensitivity to multiple allergens. There have been reports of individuals with a history of penicillin hypersensitivity who have experienced severe reactions when treated with cephalosporins. Before initiating therapy with amoxicillin, careful inquiry should be made regarding previous hypersensitivity reactions to penicillins, cephalosporins, or other allergens. If an allergic reaction occurs, amoxicillin should be discontinued, and appropriate therapy instituted. 5.2 Severe Cutaneous Adverse Reactions Amoxicillin may cause severe cutaneous adverse reactions (SCAR), such as Stevens-Johnson syndrome (SJS), toxic epidermal necrolysis (TEN), drug reaction with eosinophilia and systemic symptoms (DRESS), and acute generalized exanthematous pustulosis (AGEP). If patients develop skin rash they should be monitored closely, and amoxicillin discontinued if lesions progress. 5.3 Drug-Induced Enterocolitis Syndrome (DIES) Drug-induced enteroc","5.2 Severe Cutaneous Adverse Reactions Amoxicillin may cause severe cutaneous adverse reactions (SCAR), such as Stevens-Johnson syndrome (SJS), toxic epidermal necrolysis (TEN), drug reaction with eosinophilia and systemic symptoms (DRESS), and acute generalized exanthematous pustulosis (AGEP). If patients develop skin rash they should be monitored closely, and amoxicillin discontinued if lesions progress.",
amoxicillin clavulanate,"AMOXICILLIN AND CLAVULANATE POTASSIUM TABLET, FILM COATED [REMEDYREPACK INC.]",77b82fac-3f6e-44c9-8dcc-362f01ad7a4b,OK,34,"2 DOSAGE AND ADMINISTRATION Adults and Pediatric Patients greater than 40 kg: 500 mg/125 mg or 875 mg/125 mg every 12 hours or 250 mg/125 mg or 500 mg/125 mg every 8 hours, based on amoxicillin component. ( 2.2 , 2.3 ) Pediatric patients aged 12 weeks (3 months) and older: 25 to 45 mg/kg/day every 12 hours or 20 to 40 mg/kg/day every 8 hours, up to the adult dose. ( 2.3 ) Neonates and infants less than 12 weeks of age: 30 mg/kg/day divided every 12 hours, based on the amoxicillin component. Use of the 125 mg/31.25 mg per 5 mL oral suspension is recommended. ( 2.3 ) 2.1 Important Administration Instructions Amoxicillin and clavulanate potassium tablets may be taken without regard to meals; however, absorption of clavulanate potassium is enhanced when amoxicillin and clavulanate potassium tablets are administered at the start of a meal. To minimize the potential for gastrointestinal intolerance, amoxicillin and clavulanate potassium tablets should be taken at the start of a meal. 2.2 Adult Patients See dosing regimens of amoxicillin and clavulanate potassium tablets (based on the amoxicillin component) provided in Table 1 below. Table 1. Dosing Regimens of Amoxicillin and Clavulanate Potassium Tablets in Adult Patients TYPE OF INFECTION DOSING REGIMEN OF AMOXICILLIN AND CLAVULANATE POTASSIUM TABLETS Severe infections and infections of the respiratory tract one 875 mg/125 mg tablet a of amoxicillin and clavulanate potassium tablets every 12 hours or one 500 mg/125 mg tablet b,c of amoxicillin and clavulanate potassium tablets every 8 hours Less severe infections one 500 mg/125 mg tablet b,c of amoxicillin and clavulanate potassium tablets every 12 hours or one 250 mg/125 mg tablet d of amoxicillin and clavulanate potassium tablets every 8 hours a Adults who have difficulty swallowing may be given the amoxicillin and clavulanate potassium 200 mg/28.5 mg per 5 mL suspension or the amoxicillin and clavulanate potassium 400 mg/57 mg per 5 mL suspension may be used in place of the 875 mg/125 mg tablet. b Adults who have difficulty swallowing may be given the amoxicillin and clavulanate potassium 125 mg/31.25 mg per 5 mL or amoxicillin and clavulanate potassium 250 mg/62.5 mg per 5 mL suspension in place of the 500 mg/125 mg tablet. c Two amoxicillin and clavulanate potassium 250 mg/125 mg tablets are NOT substitutable with one 500 mg/125 mg amoxicillin and clavulanate potassium tablet [see Dosage and Administration (2.6) ] . d Amoxicillin and clavulanate potassium 250 mg/125 mg tablet is NOT substitutable with amoxicillin and clavulanate potassium 250 mg/62.5 mg chewable tablet [see Dosage and Administration (2.6) ] . 2.3 Pediatric Patients Based on the amoxicillin component, amoxicillin and clavulanate potassium tablets should be dosed as follows: Neonates and Infants Aged less than 12 weeks (less than 3 months) : See dosing regimens of amoxicillin and clavulanate potassium tablets provided in Table 2 below. Table 2: Dosing Regimens of Amoxicillin and Clavulanate Potassium Tablets in Neonates and Infants Aged Less than 12 Weeks (Less than 3 Months) PATIENT POPULATION DOSING REGIMEN Amoxicillin and clavulanate potassium 125 mg/31.25 mg per 5 mL for oral suspension a Neonates and Infants aged less than 12 weeks (less than 3 months) 30 mg/kg/day every 12 hours a Experience with the amoxicillin and clavulanate potassium 200 mg/28.5 mg per 5 mL formulation in this age group is limited, and thus, use of the amoxicillin and clavulanate potassium 125 mg/31.25 mg per 5 mL for oral suspension is recommended. Patients Aged 12 weeks (3 months) and Older and Weighing Less than 40 kg : See dosing regimens provided in Table 3 below. The every 12 hour regimen is recommended as it is associated with significantly less diarrhea [see Clinical Studies (14.2) ] . Table 3: Dosing in Patients Aged 12 Weeks (3 Months) and Older and Weighing Less than 40 kg INFECTION DOSING REGIMEN Every 12 hours Every 8 hours Amoxicillin and clavulanate potassium 200 mg/28.5 mg per 5 mL or Amoxicillin and clavulanate potassium tablets 400 mg/57 mg per 5 mL for oral suspension a Amoxicillin and clavulanate potassium 125 mg/31.25 mg per 5 mL or Amoxicillin and clavulanate potassium tablets 250 mg/62.5 mg per 5 mL for oral suspension a Otitis media b , sinusitis, lower respiratory tract infections, and more severe infections 45 mg/kg/day every 12 hours 40 mg/kg/day every 8 hours Less severe infections 25 mg/kg/day every 12 hours 20 mg/kg/day every 8 hours a Each strength of amoxicillin and clavulanate potassium for oral suspension is available as a chewable tablet for use by older children. b Duration of therapy studied and recommended for acute otitis media is 10 days. Patients Weighing 40 kg or More : Pediatric patients weighing 40 kg or more should be dosed according to adult recommendations. The 250 mg/125 mg tablet of amoxicillin and clavulanate potassium should NOT be used until the child weighs at least 40 kg, due to the different amoxicillin to clav","5 WARNINGS AND PRECAUTIONS Serious (including fatal) hypersensitivity reactions: Discontinue amoxicillin and clavulanate potassium if a reaction occurs. ( 5.1 ) Severe Cutaneous Adverse Reactions (SCAR): Monitor closely. Discontinue if rash progresses. ( 5.2 ) Drug-induced enterocolitis syndrome (DIES) has been reported with use of amoxicillin, a component of amoxicillin and clavulanate potassium tablets. If this occurs, discontinue amoxicillin and clavulanate potassium and institute appropriate therapy. ( 5.3 ) Hepatic dysfunction and cholestatic jaundice: Discontinue if signs/symptoms of hepatitis occur. Monitor liver function tests in patients with hepatic impairment. ( 5.4 ) Clostridioides difficile -associated diarrhea (CDAD): Evaluate patients if diarrhea occurs. ( 5.5 ) Patients with mononucleosis who receive amoxicillin and clavulanate potassium develop skin rash. Avoid amoxicillin and clavulanate potassium use in these patients. ( 5.6 ) Overgrowth: The possibility of superinfections with fungal or bacterial pathogens should be considered during therapy. ( 5.7 ) 5.1 Hypersensitivity Reactions Serious and occasionally fatal hypersensitivity (anaphylactic) reactions have been reported in patients receiving beta-lactam antibacterials, including amoxicillin and clavulanate potassium. These reactions are more likely to occur in individuals with a history of penicillin hypersensitivity and/or a history of sensitivity to multiple allergens. Before initiating therapy with amoxicillin and clavulanate potassium, careful inquiry should be made regarding previous hypersensitivity reactions to penicillins, cephalosporins, or other allergens. If an allergic reaction occurs, amoxicillin and clavulanate potassium should be discontinued, and appropriate therapy instituted. 5.2 Severe Cutaneous Adverse Reactions Amoxicillin and clavulanate potassium may cause severe cutaneous adverse reactions (SCAR), such as Stevens-Johnson syndrome (SJS), toxic epidermal necrolysis (TEN), d","5.2 Severe Cutaneous Adverse Reactions Amoxicillin and clavulanate potassium may cause severe cutaneous adverse reactions (SCAR), such as Stevens-Johnson syndrome (SJS), toxic epidermal necrolysis (TEN), drug reaction with eosinophilia and systemic symptoms (DRESS), and acute generalized exanthematous pustulosis (AGEP). If patients develop a skin rash, they should be monitored closely, and amoxicillin and clavulanate potassium discontinued if lesions progress.",
azithromycin,"AZITHROMYCIN TABLET, FILM COATED [BRYANT RANCH PREPACK]",b5d79719-b1dc-469f-a19c-f8ba615138f0,OK,63,"2 DOSAGE AND ADMINISTRATION Adult Patients ( 2.1 ) Infection Recommended Dose/Duration of Therapy Community-acquired pneumonia (mild severity) Pharyngitis/tonsillitis (second-line therapy) Skin/skin structure (uncomplicated) 500 mg as a single dose on Day 1, followed by 250 mg once daily on Days 2 through 5. Acute bacterial exacerbations of chronic bronchitis (mild to moderate) 500 mg as a single dose on Day 1, followed by 250 mg once daily on Days 2 through 5 or 500 mg once daily for 3 days. Acute bacterial sinusitis 500 mg once daily for 3 days. Genital ulcer disease (chancroid) Non-gonococcal urethritis and cervicitis One single 1 gram dose. Gonococcal urethritis and cervicitis One single 2 gram dose. Pediatric Patients ( 2.2 ) Infection Recommended Dose/Duration of Therapy Acute otitis media (6 months of age and older) 30 mg/kg as a single dose or 10 mg/kg once daily for 3 days or 10 mg/kg as a single dose on Day 1 followed by 5 mg/kg/day on Days 2 through 5. Acute bacterial sinusitis (6 months of age and older) 10 mg/kg once daily for 3 days. Community-acquired pneumonia (6 months of age and older) 10 mg/kg as a single dose on Day 1 followed by 5 mg/kg once daily on Days 2 through 5. Pharyngitis/tonsillitis (2 years of age and older) 12 mg/kg once daily for 5 days. 2.1 Adult Patients [see Indications and Usage ( 1.1 ) and Clinical Pharmacology ( 12.3 )] Infection DUE TO THE INDICATED ORGANISMS [see Indications and Usage ( 1.1)] Recommended Dose/Duration of Therapy Community-acquired pneumonia Pharyngitis/tonsillitis (second-line therapy) Skin/skin structure (uncomplicated) 500 mg as a single dose on Day 1, followed by 250 mg once daily on Days 2 through 5 Acute bacterial exacerbations of chronic obstructive pulmonary disease 500 mg once daily for 3 days OR 500 mg as a single dose on Day 1, followed by 250 mg once daily on Days 2 through 5 Acute bacterial sinusitis 500 mg once daily for 3 days Genital ulcer disease (chancroid) One single 1 gram dose Non-gonococcal urethritis and cervicitis One single 1 gram dose Gonococcal urethritis and cervicitis One single 2 gram dose Azithromycin tablets can be taken with or without food. 2.2 Pediatric Patients 1 Infection* Recommended Dose/Duration of Therapy Acute otitis media 30 mg/kg as a single dose or 10 mg/kg once daily for 3 days or 10 mg/kg as a single dose on Day 1 followed by 5 mg/kg/day on Days 2 through 5. Acute bacterial sinusitis 10 mg/kg once daily for 3 days. Community-acquired pneumonia 10 mg/kg as a single dose on Day 1 followed by 5 mg/kg once daily on Days 2 through 5. Pharyngitis/tonsillitis 12 mg/kg once daily for 5 days. *DUE TO THE INDICATED ORGANISMS [see Indications and Usage ( 1.2 )] 1 see dosing tables below for maximum doses evaluated by indication PEDIATRIC DOSAGE GUIDELINES FOR OTITIS MEDIA, ACUTE BACTERIAL SINUSITIS, AND COMMUNITY-ACQUIRED PNEUMONIA (Age 6 months and above, [see Use in Specific Populations ( 8.4 )] ) Based on Body Weight OTITIS MEDIA AND COMMUNITY-ACQUIRED PNEUMONIA: (5-Day Regimen) Effectiveness of the 3-day or 1-day regimen in pediatric patients with community-acquired pneumonia has not been established. Dosing Calculated on 10 mg/kg/day Day 1 and 5 mg/kg/day Days 2 to 5. Weight 100 mg/5 mL 200 mg/5 mL Total mL per Treatment Course Total mg per Treatment Course Kg Day 1 Days 2 to 5 Day 1 Days 2 to 5 5 2.5 mL; (½ tsp) 1.25 mL; (¼ tsp) 7.5 mL 150 mg 10 5 mL; (1tsp) 2.5 mL; (½ tsp) 15 mL 300 mg 20 5 mL; (1 tsp) 2.5 mL; (½ tsp) 15 mL 600 mg 30 7.5 mL; (1½ tsp) 3.75 mL; (¾ tsp) 22.5 mL 900 mg 40 10 mL; (2 tsp) 5 mL; (1 tsp) 30 mL 1,200 mg 50 and above 12.5 mL; (2½ tsp) 6.25 mL; (1¼ tsp) 37.5 mL 1,500 mg OTITIS MEDIA AND ACUTE BACTERIAL SINUSITIS: (3-Day Regimen) Effectiveness of the 5-day or 1-day regimen in pediatric patients with acute bacterial sinusitis has not been established Dosing Calculated on 10 mg/kg/day. Weight 100 mg/5 mL 200 mg/5 mL Total mL per Treatment Course Total mg per Treatment Course Kg Days 1 to 3 Days 1 to 3 5 2.5 mL; (½ tsp) 7.5 mL 150 mg 10 5 mL; (1 tsp) 15 mL 300 mg 20 5 mL; (1 tsp) 15 mL 600 mg 30 7.5 mL;(1½ tsp) 22.5 mL 900 mg 40 10 mL; (2 tsp) 30 mL 1,200 mg 50 and above 12.5 mL; (2 ½ tsp) 37.5 mL 1,500 mg OTITIS MEDIA: (1-Day Regimen) Dosing Calculated on 30 mg/kg as a single dose. Weight 200 mg/5 mL Total mL per Treatment Course Total mg per Treatment Course Kg 1 Day Regimen 5 3.75 mL;(3/4 tsp) 3.75 mL 150 mg 10 7.5 mL;(1½ tsp) 7.5 mL 300 mg 20 15 mL;(3 tsp) 15 mL 600 mg 30 22.5 mL;(4½ tsp) 22.5 mL 900 mg 40 30 mL;(6 tsp) 30 mL 1,200 mg 50 and above 37.5 mL;(7½ tsp) 37.5 mL 1,500 mg The safety of re-dosing azithromycin in pediatric patients who vomit after receiving 30 mg/kg as a single dose has not been established. In clinical studies involving 487 patients with acute otitis media given a single 30 mg/kg dose of azithromycin, 8 patients who vomited within 30 minutes of dosing were re-dosed at the same total dose. Pharyngitis/Tonsillitis : The recommended dose of azithromycin for childre","5 WARNINGS AND PRECAUTIONS Serious (including fatal) allergic and skin reactions: Discontinue azithromycin if reaction occurs. ( 5.1 ) Hepatotoxicity: Severe, and sometimes fatal, hepatotoxicity has been reported. Discontinue azithromycin immediately if signs and symptoms of hepatitis occur. ( 5.2 ) Infantile Hypertrophic Pyloric Stenosis (IHPS): Following the use of azithromycin in neonates (treatment up to 42 days of life), IHPS has been reported. Direct parents and caregivers to contact their physician if vomiting or irritability with feeding occurs. ( 5.3 ) Prolongation of QT interval and cases of torsades de pointes have been reported. This risk which can be fatal should be considered in patients with certain cardiovascular disorders including known QT prolongation or history torsades de pointes, those with proarrhythmic conditions, and with other drugs that prolong the QT interval. ( 5.4 ) Cardiovascular Death: Some observational studies have shown an approximately two-fold increased short-term potential risk of acute cardiovascular death in adults exposed to azithromycin relative to other antibacterial drugs, including amoxicillin. Consider balancing this potential risk with treatment benefits when prescribing azithromycin. ( 5.5 ) Clostridioides difficile -Associated Diarrhea: Evaluate patients if diarrhea occurs. ( 5.6 ) Azithromycin may exacerbate muscle weakness in persons with myasthenia gravis. ( 5.7 ) 5.1 Hypersensitivity Serious allergic reactions, including angioedema, anaphylaxis, and dermatologic reactions including Acute Generalized Exanthematous Pustulosis (AGEP), Stevens-Johnson syndrome, and toxic epidermal necrolysis have been reported in patients on azithromycin therapy. [see Contraindications ( 4.1 )] Fatalities have been reported. Cases of Drug Reaction with Eosinophilia and Systemic Symptoms (DRESS) have also been reported. Despite initially successful symptomatic treatment of the allergic symptoms, when symptomatic therapy was discontinue","6 ADVERSE REACTIONS The following clinically significant adverse reactions are described elsewhere in labeling: Hypersensitivity [see Warnings and Precautions ( 5.1 )] Hepatotoxicity [see Warnings and Precautions ( 5.2 )] Infantile Hypertrophic Pyloric Stenosis (IHPS) [see Warnings and Precautions ( 5.3 )] QT Prolongation [see Warnings and Precautions ( 5.4 )] Cardiovascular Death [see Warnings and Precautions ( 5.5 )] Clostridioides difficile- Associated Diarrhea (CDAD) [see Warnings and Precautions ( 5.6 )] Exacerbation of Myasthenia Gravis [see Warnings and Precautions ( 5.7 )] Most common adverse reactions are diarrhea (5 to 14%), nausea (3 to 18%), abdominal pain (3 to 7%), or vomiting (2 to 7%). ( 6.1 ) To report SUSPECTED ADVERSE REACTIONS, contact Bionpharma Inc. at 1-888-235-BION or 1-888-235-2466 or FDA at 1-800-FDA-1088 or www.fda.gov/medwatch . 6.1 Clinical Trials Experience Because clinical trials are conducted under widely varying conditions, adverse reaction rates observed in the clinical trials of a drug cannot be directly compared to rates in the clinical trials of another drug and may not reflect the rates observed in practice. In clinical trials, most of the reported side effects were mild to moderate in severity and were reversible upon discontinuation of the drug. Potentially serious adverse reactions of angioedema and cholestatic jaundice were reported. Approximately 0.7% of the patients (adults and pediatric patients) from the 5-day multiple-dose clinical trials discontinued azithromycin therapy because of treatment-related adverse reactions. In adults given 500 mg/day for 3 days, the discontinuation rate due to treatment-related adverse reactions was 0.6%. In clinical trials in pediatric patients given 30 mg/kg, either as a single dose or over 3 days, discontinuation from the trials due to treatment-related adverse reactions was approximately 1%. Most of the adverse reactions leading to discontinuation were related to the gastrointestinal tra",
cephalexin,"CEPHALEXIN CAPSULE [NORTHWIND HEALTH COMPANY, LLC]",4ecf9314-76e2-c270-e063-6294a90ad8db,OK,15,"2 DOSAGE & ADMINISTRATION Adults and patients at least 15 years of age The usual dose is 250 mg every 6 hours, but a dose of 500 mg every 12 hours may be administered ( 2.1 ) Pediatric patients (over 1 year of age) Otitis media: 75 to 100 mg/kg in equally divided doses every 6 hours ( 2.2 ) All other indications: 25 to 50 mg/kg given in equally divided doses ( 2.2 ) In severe infections: 50 to 100 mg/kg may be administered in equally divided doses ( 2.2 ) Duration of therapy ranges from 7 to14 days depending on the infection type and severity. ( 2 ) Dosage adjustment is required in patients with severe and end stage renal disease (ESRD) defined as creatinine clearance below 30 mL/min. ( 2.3 ) 2.1 Adults and Pediatric Patients at Least 15 Years of Age The usual dose of oral Cephalexin capsule, USP is 250 mg every 6 hours, but a dose of 500 mg every 12 hours may be administered. Treatment is administered for 7 to 14 days. For more severe infections larger doses of oral Cephalexin capsules, USP may be needed, up to 4 grams daily in two to four equally divided doses. 2.2 Pediatric Patients (over 1 year of age) The recommended total daily dose of oral Cephalexin capsules, USP for pediatric patients is 25 to 50 mg/kg given in equally divided doses for 7 to 14 days. In the treatment of β-hemolytic streptococcal infections, duration of at least 10 days is recommended. In severe infections, a total daily dose of 50 to 100 mg/kg may be administered in equally divided doses. For the treatment of otitis media, the recommended daily dose is 75 to 100 mg/kg given in equally divided doses. 2.3 Dosage Adjustments in Adult and Pediatric Patients at Least 15 Years of Age with Renal Impairment Administer the following dosing regimens for Cephalexin capsules, USP to patients with renal impairment [see Warnings and Precautions (5.4) and Use in Specific Populations (8.6) ] . Table 1. Recommended Dose Regimen for Patients with Renal Impairment Renal function Dose regimen recommendation Creatinine clearance >60mL/min. No dose adjustment Creatinine clearance 30 to 59 mL/min No dose adjustment; maximum daily dose should not exceed 1 g Creatinine clearance 15 to 29 mL/min 250 mg, every 8 hours or every 12 hours Creatinine clearance 5 to 14 mL/min not yet on dialysis* 250 mg, every 24 hours Creatinine clearance 1 to 4 mL/min not yet on dialysis* 250 mg, every 48 hours or every 60 hours *There is insufficient information to make dose adjustment recommendations in patients on hemodialysis.

2.1 Adults and Pediatric Patients at Least 15 Years of Age The usual dose of oral Cephalexin capsule, USP is 250 mg every 6 hours, but a dose of 500 mg every 12 hours may be administered. Treatment is administered for 7 to 14 days. For more severe infections larger doses of oral Cephalexin capsules, USP may be needed, up to 4 grams daily in two to four equally divided doses.

2.2 Pediatric Patients (over 1 year of age) The recommended total daily dose of oral Cephalexin capsules, USP for pediatric patients is 25 to 50 mg/kg given in equally divided doses for 7 to 14 days. In the treatment of β-hemolytic streptococcal infections, duration of at least 10 days is recommended. In severe infections, a total daily dose of 50 to 100 mg/kg may be administered in equally divided doses. For the treatment of otitis media, the recommended daily dose is 75 to 100 mg/kg given in equally divided doses.

2.3 Dosage Adjustments in Adult and Pediatric Patients at Least 15 Years of Age with Renal Impairment Administer the following dosing regimens for Cephalexin capsules, USP to patients with renal impairment [see Warnings and Precautions (5.4) and Use in Specific Populations (8.6) ] . Table 1. Recommended Dose Regimen for Patients with Renal Impairment Renal function Dose regimen recommendation Creatinine clearance >60mL/min. No dose adjustment Creatinine clearance 30 to 59 mL/min No dose adjustment; maximum daily dose should not exceed 1 g Creatinine clearance 15 to 29 mL/min 250 mg, every 8 hours or every 12 hours Creatinine clearance 5 to 14 mL/min not yet on dialysis* 250 mg, every 24 hours Creatinine clearance 1 to 4 mL/min not yet on dialysis* 250 mg, every 48 hours or every 60 hours *There is insufficient information to make dose adjustment recommendations in patients on hemodialysis.

3 DOSAGE FORMS & STRENGTHS 250 mg capsules : a white to off white powder filled into size 2 capsules (dark green cap and dark green body) that are imprinted with “220” on the both cap and body in edible black ink. 500 mg capsules : a white to off white powder filled into size 0 capsules (light green cap and light green body) that are imprinted with “219” on the both cap and body in edible black ink. 333 mg capsules : a white to off white powder filled into size 1 capsules (light green cap and light green body) that are imprinted “CEP” on cap and “333” on body in edible black ink. 750 mg capsules : a white to off white powder filled into size '00 Elongated' capsules (dark green ca","5 WARNINGS AND PRECAUTIONS Serious hypersensitivity (anaphylactic) reactions : Prior to use, inquire regarding history of hypersensitivity to beta-lactam antibacterial drugs. Discontinue the drug if signs or symptoms of an allergic reaction occur and institute supportive measures. ( 5.1 ) Clostridium difficile-associated diarrhea (CDAD ): Evaluate if diarrhea occurs. ( 5.2 ) Direct Coomb’s Test Seroconversion : If anemia develops during or after cephalexin therapy, evaluate for drug-induced hemolytic anemia. ( 5.3 ) Seizure Potential : Use lower dose in patients with renal impairment. ( 5.4 ) 5.1 Hypersensitivity Reactions Allergic reactions in the form of rash, urticaria, angioedema, anaphylaxis, erythema multiforme, Stevens- Johnson syndrome, or toxic epidermal necrolysis have been reported with the use of cephalexin. Before therapy with cephalexin is instituted, inquire whether the patient has a history of hypersensitivity reactions to cephalexin, cephalosporins, penicillins, or other drugs. Cross-hypersensitivity among beta-lactam antibacterial drugs may occur in up to 10% of patients with a history of penicillin allergy. If an allergic reaction to cephalexin occurs, discontinue the drug and institute appropriate treatment. 5.2 Clostridium difficile-Associated Diarrhea Clostridium difficile-associated diarrhea (CDAD) has been reported with use of nearly all antibacterial agents, including cephalexin, and may range in severity from mild diarrhea to fatal colitis. Treatment with antibacterial agents alters the normal flora of the colon leading to overgrowth of C. difficile. C. difficile produces toxins A and B, which contribute to the development of CDAD. Hypertoxin-producing strains of C. difficile cause increased morbidity and mortality, as these infections can be refractory to antimicrobial therapy and may require colectomy. CDAD must be considered in all patients who present with diarrhea following antibiotic use. Careful medical history is necessary since CDA","6 ADVERSE REACTIONS The following serious events are described in greater detail in the Warning and Precautions section: Hypersensitivity reactions [ see Warning and Precautions ( 5.1 ) ] Clostridium difficile-associated diarrhea [ see Warnings and Precautions ( 5.2 ) ] Direct Coombs’ Test Seroconversion [ see Warnings and Precautions ( 5.3 ) ] Seizure Potential [ see Warnings and Precautions ( 5.4 ) ] Effect on Prothrombin Activity [ see Warnings and Precautions ( 5.5 ) ] Development of Drug-Resistant Bacteria [ see Warnings and Precautions ( 5.6 ) ] The most common adverse reactions associated with cephalexin include diarrhea, nausea, vomiting, dyspepsia and abdominal pain. ( 6 ) To report SUSPECTED ADVERSE REACTIONS, contact Ascend Laboratories, LLC at 1-877-ASC-RX01 (877-272-7901) or FDA at 1-800-FDA-1088 or www.fda.gov/medwatch. 6.1 Clinical Trials Experience Because clinical trials are conducted under widely varying conditions, adverse reaction rates observed in the clinical trials of a drug cannot be directly compared to rates in the clinical trials of another drug and may not reflect the rates observed in practice In clinical trials, the most frequent adverse reaction was diarrhea. Nausea and vomiting, dyspepsia, gastritis, and abdominal pain have also occurred. As with penicillins and other cephalosporins, transient hepatitis and cholestatic jaundice have been reported. Other reactions have included hypersensitivity reactions, genital and anal pruritus, genital candidiasis, vaginitis and vaginal discharge, dizziness, fatigue, headache, agitation, confusion, hallucinations, arthralgia, arthritis, and joint disorder. Reversible interstitial nephritis has been reported. Eosinophilia, neutropenia, thrombocytopenia, hemolytic anemia, and slight elevations in aspartate transaminase (AST) and alanine transaminase (ALT) have been reported. In addition to the adverse reactions listed above that have been observed in patients treated with cephalexin, the following ad",
cefdinir,CEFDINIR CAPSULE [REMEDYREPACK INC.],a8029f7c-6353-46db-8c8c-c86a9485a14f,OK,18,"CLINICAL PHARMACOLOGY Pharmacokinetics and Drug Metabolism Absorption Oral Bioavailability Maximal plasma cefdinir concentrations occur 2 to 4 hours postdose following capsule or suspension administration. Plasma cefdinir concentrations increase with dose, but the increases are less than dose-proportional from 300 mg (7 mg/kg) to 600 mg (14 mg/kg). Following administration of suspension to healthy adults, cefdinir bioavailability is 120% relative to capsules. Estimated bioavailability of cefdinir capsules is 21% following administration of a 300 mg capsule dose, and 16% following administration of a 600 mg capsule dose. Estimated absolute bioavailability of cefdinir suspension is 25%. Effect of Food The C max and AUC of cefdinir from the capsules are reduced by 16% and 10%, respectively, when given with a high-fat meal. In adults given the 250 mg/5 mL oral suspension with a high-fat meal, the C max and AUC of cefdinir are reduced by 44% and 33%, respectively. The magnitude of these reductions is not likely to be clinically significant. Therefore, cefdinir may be taken without regard to food. Cefdinir Capsules Cefdinir plasma concentrations and pharmacokinetic parameter values following administration of single 300 and 600 mg oral doses of cefdinir to adult subjects are presented in the following table: Mean (±SD) Plasma Cefdinir Pharmacokinetic Parameter Values Following Administration of Capsules to Adult Subjects Dose C max (mcg /mL) t max (hr) AUC(mcg•hr/mL) 300 mg 1.60 2.9 7.05 (0.55) (0.89) (2.17) 600 mg 2.87 3.0 11.1 (1.01) (0.66) (3.87) Multiple Dosing Cefdinir does not accumulate in plasma following once- or twice-daily administration to subjects with normal renal function. Distribution The mean volume of distribution (Vd area ) of cefdinir in adult subjects is 0.35 L/kg (±0.29); in pediatric subjects (age 6 months to 12 years), cefdinir Vd area is 0.67 L/kg (±0.38). Cefdinir is 60% to 70% bound to plasma proteins in both adult and pediatric subjects; binding is independent of concentration. Skin Blister In adult subjects, median (range) maximal blister fluid cefdinir concentrations of 0.65 (0.33 to 1.1) and 1.1 (0.49 to 1.9) mcg/mL were observed 4 to 5 hours following administration of 300 and 600 mg doses, respectively. Mean (±SD) blister C max and AUC (0-∞) values were 48% (±13) and 91% (±18) of corresponding plasma values. Tonsil Tissue In adult patients undergoing elective tonsillectomy, respective median tonsil tissue cefdinir concentrations 4 hours after administration of single 300 and 600 mg doses were 0.25 (0.22 to 0.46) and 0.36 (0.22 to 0.80) mcg/g. Mean tonsil tissue concentrations were 24% (±8) of corresponding plasma concentrations. Sinus Tissue In adult patients undergoing elective maxillary and ethmoid sinus surgery, respective median sinus tissue cefdinir concentrations 4 hours after administration of single 300 and 600 mg doses were < 0.12 (< 0.12 to 0.46) and 0.21 (< 0.12 to 2.0) mcg/g. Mean sinus tissue concentrations were 16% (±20) of corresponding plasma concentrations. Lung Tissue In adult patients undergoing diagnostic bronchoscopy, respective median bronchial mucosa cefdinir concentrations 4 hours after administration of single 300 and 600 mg doses were 0.78 (< 0.06 to 1.33) and 1.14 (< 0.06 to 1.92) mcg/mL, and were 31% (±18) of corresponding plasma concentrations. Respective median epithelial lining fluid concentrations were 0.29 (< 0.3 to 4.73) and 0.49 (< 0.3 to 0.59) mcg/mL, and were 35% (±83) of corresponding plasma concentrations. Middle Ear Fluid In 14 pediatric patients with acute bacterial otitis media, respective median middle ear fluid cefdinir concentrations 3 hours after administration of single 7 and 14 mg/kg doses were 0.21 (< 0.09 to 0.94) and 0.72 (0.14 to 1.42) mcg/mL. Mean middle ear fluid concentrations were 15% (±15) of corresponding plasma concentrations. CSF Data on cefdinir penetration into human cerebrospinal fluid are not available. Metabolism and Excretion Cefdinir is not appreciably metabolized. Activity is primarily due to parent drug. Cefdinir is eliminated principally via renal excretion with a mean plasma elimination half-life (t 1/2 ) of 1.7 (±0.6) hours. In healthy subjects with normal renal function, renal clearance is 2.0 (±1.0) mL/min/kg, and apparent oral clearance is 11.6 (±6.0) and 15.5 (±5.4) mL/min/kg following doses of 300 and 600 mg, respectively. Mean percent of dose recovered unchanged in the urine following 300 and 600 mg doses is 18.4% (±6.4) and 11.6% (±4.6), respectively. Cefdinir clearance is reduced in patients with renal dysfunction (see Special Populations: Patients with Renal Insufficiency). Because renal excretion is the predominant pathway of elimination, dosage should be adjusted in patients with markedly compromised renal function or who are undergoing hemodialysis (see DOSAGE AND ADMINISTRATION ). Special Populations Patients with Renal Insufficiency Cefdinir pharmacokinetics were investigated in 21 adult subjects","WARNINGS BEFORE THERAPY WITH CEFDINIR IS INSTITUTED, CAREFUL INQUIRY SHOULD BE MADE TO DETERMINE WHETHER THE PATIENT HAS HAD PREVIOUS HYPERSENSITIVITY REACTIONS TO CEFDINIR, OTHER CEPHALOSPORINS, PENICILLINS, OR OTHER DRUGS. IF CEFDINIR IS TO BE GIVEN TO PENICILLIN-SENSITIVE PATIENTS, CAUTION SHOULD BE EXERCISED BECAUSE CROSS-HYPERSENSITIVITY AMONG β-LACTAM ANTIBIOTICS HAS BEEN CLEARLY DOCUMENTED AND MAY OCCUR IN UP TO 10% OF PATIENTS WITH A HISTORY OF PENICILLIN ALLERGY. IF AN ALLERGIC REACTION TO CEFDINIR OCCURS, THE DRUG SHOULD BE DISCONTINUED. SERIOUS ACUTE HYPERSENSITIVITY REACTIONS MAY REQUIRE TREATMENT WITH EPINEPHRINE AND OTHER EMERGENCY MEASURES, INCLUDING OXYGEN, INTRAVENOUS FLUIDS, INTRAVENOUS ANTIHISTAMINES, CORTICOSTEROIDS, PRESSOR AMINES, AND AIRWAY MANAGEMENT, AS CLINICALLY INDICATED. Clostridium difficile associated diarrhea (CDAD) has been reported with use of nearly all antibacterial agents, including cefdinir, and may range in severity from mild diarrhea to fatal colitis. Treatment with antibacterial agents alters the normal flora of the colon leading to overgrowth of C. difficile . C. difficile produces toxins A and B which contribute to the development of CDAD. Hypertoxin producing strains of C. difficile cause increased morbidity and mortality, as these infections can be refractory to antimicrobial therapy and may require colectomy. CDAD must be considered in all patients who present with diarrhea following antibacterial use. Careful medical history is necessary since CDAD has been reported to occur over two months after the administration of antibacterial agents. If CDAD is suspected or confirmed, ongoing antibacterial use not directed against C. difficile may need to be discontinued. Appropriate fluid and electrolyte management, protein supplementation, antibacterial treatment of C. difficile , and surgical evaluation should be instituted as clinically indicated.",,
clindamycin,CLINDAMYCIN HYDROCHLORIDE CAPSULE [REMEDYREPACK INC.],7f7fc73a-86e1-4d3e-8c83-1c74621e4af4,OK,8,"CLINICAL PHARMACOLOGY Human Pharmacology Absorption Pharmacokinetic studies with a 150 mg oral dose of clindamycin hydrochloride in 24 normal adult volunteers showed that clindamycin was rapidly absorbed after oral administration. An average peak serum concentration of 2.50 mcg/mL was reached in 45 minutes; serum concentrations averaged 1.51 mcg/mL at 3 hours and 0.70 mcg/mL at 6 hours. Absorption of an oral dose is virtually complete (90%), and the concomitant administration of food does not appreciably modify the serum concentrations; serum concentrations have been uniform and predictable from person to person and dose to dose. Pharmacokinetic studies following multiple doses of clindamycin hydrochloride for up to 14 days show no evidence of accumulation or altered metabolism of drug. Doses of up to 2 grams of clindamycin per day for 14 days have been well tolerated by healthy volunteers, except that the incidence of gastrointestinal side effects is greater with the higher doses. Distribution Concentrations of clindamycin in the serum increased linearly with increased dose. Serum concentrations exceed the MIC (minimum inhibitory concentration) for most indicated organisms for at least six hours following administration of the usually recommended doses. Clindamycin is widely distributed in body fluids and tissues (including bones). No significant concentrations of clindamycin are attained in the cerebrospinal fluid, even in the presence of inflamed meninges. Metabolism In vitro studies in human liver and intestinal microsomes indicated that clindamycin is predominantly metabolized by Cytochrome P450 3A4 (CYP3A4), with minor contribution from CYP3A5, to form clindamycin sulfoxide and a minor metabolite, N-desmethylclindamycin. Excretion The average biological half-life is 2.4 hours. Approximately 10% of the bioactivity is excreted in the urine and 3.6% in the feces; the remainder is excreted as bioinactive metabolites. Specific Populations Patients with Renal/Hepatic Impairment The elimination half-life of clindamycin is increased slightly in patients with markedly reduced renal or hepatic function. Hemodialysis and peritoneal dialysis are not effective in removing clindamycin from the serum. Dosage schedules do not need to be modified in patients with renal disease. Geriatric Patients Pharmacokinetic studies in elderly volunteers (61 to 79 years) and younger adults (18 to 39 years) indicate that age alone does not alter clindamycin pharmacokinetics (clearance, elimination half-life, volume of distribution, and area under the serum concentration-time curve) after IV administration of clindamycin phosphate. After oral administration of clindamycin hydrochloride, the average elimination half-life is increased to approximately 4 hours (range 3.4 to 5.1 h) in the elderly compared to 3.2 hours (range 2.1 to 4.2 h) in younger adults. The extent of absorption, however, is not different between age groups and no dosage alteration is necessary for the elderly with normal hepatic function and normal (age-adjusted) renal function 1 . Obese Pediatric Patients Aged 2 to Less than 18 Years and Obese Adults Aged 18 to 20 Years An analysis of pharmacokinetic data in obese pediatric patients aged 2 to less than 18 years and obese adults aged 18 to 20 years demonstrated that clindamycin clearance and volume of distribution, normalized by total body weight, are comparable regardless of obesity. Microbiology Mechanism of Action Clindamycin inhibits bacterial protein synthesis by binding to the 23S RNA of the 50S subunit of the ribosome. Clindamycin is bacteriostatic. Resistance Resistance to clindamycin is most often caused by modification of specific bases of the 23S ribosomal RNA. Cross-resistance between clindamycin and lincomycin is complete. Because the binding sites for these antibacterial drugs overlap, cross-resistance is sometimes observed among lincosamides, macrolides and streptogramin B. Macrolide-inducible resistance to clindamycin occurs in some isolates of macrolide-resistant bacteria. Macrolide-resistant isolates of staphylococci and beta-hemolytic streptococci should be screened for induction of clindamycin resistance using the D-zone test. Antimicrobial Activity Clindamycin has been shown to be active against most of the isolates of the following microorganisms, both in vitro and in clinical infections [see Indications and Usage (1)] : Gram-positive bacteria Staphylococcus aureus (methicillin-susceptible strains) Streptococcus pneumoniae (penicillin-susceptible strains) Streptococcus pyogenes Anaerobic bacteria Clostridium perfringens Fusobacterium necrophorum Fusobacterium nucleatum Peptostreptococcus anaerobius Prevotella melaninogenica The following in vitro data are available, but their clinical significance is unknown. At least 90 percent of the following bacteria exhibit an in vitro minimum inhibitory concentration (MIC) less than or equal to the susceptible breakpoint for clindamycin against isolates o","WARNINGS See BOXED WARNING Clostridioides difficile- Associated Diarrhea Clostridioides difficile -associated diarrhea (CDAD) has been reported with use of nearly all antibacterial agents, including clindamycin hydrochloride, and may range in severity from mild diarrhea to fatal colitis. Treatment with antibacterial agents alters the normal flora of the colon, leading to overgrowth of C. difficile . C. difficile produces toxins A and B, which contribute to the development of CDAD. Hypertoxin producing strains of C. difficile cause increased morbidity and mortality, as these infections can be refractory to antimicrobial therapy and may require colectomy. CDAD must be considered in all patients who present with diarrhea following antibacterial drug use. Careful medical history is necessary since CDAD has been reported to occur over two months after the administration of antibacterial agents. If CDAD is suspected or confirmed, ongoing antibacterial drug not directed against C. difficile may need to be discontinued. Appropriate fluid and electrolyte management, protein supplementation, antibacterial drug of C. difficile , and surgical evaluation should be instituted as clinically indicated. Anaphylactic and Severe Hypersensitivity Reactions Anaphylactic shock and anaphylactic reactions have been reported (see ADVERSE REACTIONS ). Severe hypersensitivity reactions, including severe skin reactions such as toxic epidermal necrolysis (TEN), drug reaction with eosinophilia and systemic symptoms (DRESS), and Stevens-Johnson syndrome (SJS), some with fatal outcome, have been reported (see ADVERSE REACTIONS ). In case of such an anaphylactic or severe hypersensitivity reaction, discontinue treatment permanently and institute appropriate therapy. A careful inquiry should be made concerning previous sensitivities to drugs and other allergens. Nephrotoxicity Clindamycin is potentially nephrotoxic and cases with acute kidney injury have been reported. Consider monitoring of renal f","ADVERSE REACTIONS Infections and Infestations: Clostridioides difficile colitis Gastrointestinal: Abdominal pain, pseudomembranous colitis, nausea, vomiting, and diarrhea (See BOXED WARNING ). The onset of pseudomembranous colitis symptoms may occur during or after antibacterial treatment (See WARNINGS ). Esophagitis and esophageal ulcer have been reported, particularly when taken in a lying position or with a small amount of water. An unpleasant or metallic taste has been reported after oral administration. Hypersensitivity Reactions: Generalized mild to moderate morbilliform-like (maculopapular) skin rashes are the most frequently reported adverse reactions. Vesiculobullous rashes, as well as urticaria, have been observed during drug therapy. Severe skin reactions such as Toxic Epidermal Necrolysis, some with fatal outcome, have been reported (See WARNINGS ). Cases of Acute Generalized Exanthematous Pustulosis (AGEP), erythema multiforme, some resembling Stevens-Johnson syndrome, anaphylactic shock, anaphylactic reaction, cutaneous vasculitis, symmetrical drug-related intertriginous and flexural exanthema and hypersensitivity have also been reported. Skin and Mucous Membranes: Pruritus, vaginitis, angioedema and rare instances of exfoliative dermatitis have been reported. (See Hypersensitivity Reactions ). Liver: Jaundice and abnormalities in liver function tests have been observed during clindamycin therapy. Renal: Acute kidney injury (See WARNINGS ). Hematopoietic: Transient neutropenia (leukopenia) and eosinophilia have been reported. Reports of agranulocytosis and thrombocytopenia have been made. No direct etiologic relationship to concurrent clindamycin therapy could be made in any of the foregoing. Immune System : Drug reaction with eosinophilia and systemic symptoms (DRESS) cases have been reported. Musculoskeletal: Cases of polyarthritis have been reported.",
sulfamethoxazole trimethoprim,SULFAMETHOXAZOLE AND TRIMETHOPRIM TABLET [COUPLER LLC],518cc045-a12b-f08f-e063-6394a90acb0c,OK,16,"CLINICAL PHARMACOLOGY Sulfamethoxazole and trimethoprim is rapidly absorbed following oral administration. Both sulfamethoxazole and trimethoprim exist in the blood as unbound, protein-bound and metabolized forms; sulfamethoxazole also exists as the conjugated form. Sulfamethoxazole is metabolized in humans to at least 5 metabolites: the N 4 -acetyl-, N 4 -hydroxy-, 5-methylhydroxy-, N 4 -acetyl-5-methylhydroxy- sulfamethoxazole metabolites, and an N-glucuronide conjugate. The formulation of N 4 -hydroxy metabolite is mediated via CYP2C9. Trimethoprim is metabolized in vitro to 11 different metabolites, of which, five are glutathione adducts and six are oxidative metabolites, including the major metabolites, 1- and 3-oxides and the 3- and 4-hydroxy derivatives. The free forms of sulfamethoxazole and trimethoprim are considered to be the therapeutically active forms. In vitro studies suggest that trimethoprim is a substrate of P-glycoprotein, OCT1 and OCT2, and that sulfamethoxazole is not a substrate of P-glycoprotein. Approximately 70% of sulfamethoxazole and 44% of trimethoprim are bound to plasma proteins. The presence of 10 mg percent sulfamethoxazole in plasma decreases the protein binding of trimethoprim by an insignificant degree; trimethoprim does not influence the protein binding of sulfamethoxazole. Peak blood levels for the individual components occur 1 to 4 hours after oral administration. The mean serum half-lives of sulfamethoxazole and trimethoprim are 10 and 8 to 10 hours, respectively. However, patients with severely impaired renal function exhibit an increase in the half-lives of both components, requiring dosage regimen adjustment (see DOSAGE AND ADMINISTRATION section). Detectable amounts of sulfamethoxazole and trimethoprim are present in the blood 24 hours after drug administration. During administration of 800 mg sulfamethoxazole and 160 mg trimethoprim b.i.d., the mean steady-state plasma concentration of trimethoprim was 1.72 mcg/mL. The steady-state mean plasma levels of free and total sulfamethoxazole were 57.4 mcg/mL and 68 mcg/mL, respectively. These steady-state levels were achieved after three days of drug administration. 1 Excretion of sulfamethoxazole and trimethoprim is primarily by the kidneys through both glomerular filtration and tubular secretion. Urine concentrations of both sulfamethoxazole and trimethoprim are considerably higher than are the concentrations in the blood. The average percentage of the dose recovered in urine from 0 to 72 hours after a single oral dose of sulfamethoxazole and trimethoprim is 84.5% for total sulfonamide and 66.8% for free trimethoprim. Thirty percent of the total sulfonamide is excreted as free sulfamethoxazole, with the remaining as N 4 -acetylated metabolite. 2 When administered together as sulfamethoxazole and trimethoprim, neither sulfamethoxazole nor trimethoprim affects the urinary excretion pattern of the other. Both sulfamethoxazole and trimethoprim distribute to sputum, vaginal fluid and middle ear fluid; trimethoprim also distributes to bronchial secretion, and both pass the placental barrier and are excreted in human milk. Pharmacokinetics in Pediatric Patients A simulation conducted with data from a pharmacokinetic study in 153 infants and children demonstrated that mean steady state AUC and maximum plasma concentration of trimethoprim and sulfamethoxazole would be comparable between pediatric patients 2 months to 18 years receiving 8/40 (trimethoprim/ sulfamethoxazole) mg/kg/day divided every 12 hours and adult patients receiving 320/1600 (trimethoprim/ sulfamethoxazole) mg/day. Pharmacokinetics in Geriatric Patients The pharmacokinetics of sulfamethoxazole 800 mg and trimethoprim 160 mg were studied in 6 geriatric subjects (mean age: 78.6 years) and 6 young healthy subjects (mean age: 29.3 years) using a non-U.S. approved formulation. Pharmacokinetic values for sulfamethoxazole in geriatric subjects were similar to those observed in young adult subjects. The mean renal clearance of trimethoprim was significantly lower in geriatric subjects compared with young adult subjects (19 mL/h/kg vs. 55 mL/h/kg). However, after normalizing by body weight, the apparent total body clearance of trimethoprim was on average 19% lower in geriatric subjects compared with young adult subjects. 3 Microbiology Mechanism of Action Sulfamethoxazole inhibits bacterial synthesis of dihydrofolic acid by competing with para-aminobenzoic acid (PABA). Trimethoprim blocks the production of tetrahydrofolic acid from dihydrofolic acid by binding to and reversibly inhibiting the required enzyme, dihydrofolate reductase. Thus, sulfamethoxazole and trimethoprim blocks two consecutive steps in the biosynthesis of nucleic acids and proteins essential to many bacteria. Resistance In vitro studies have shown that bacterial resistance develops more slowly with both sulfamethoxazole and trimethoprim in combination than with either sulfamethoxazole or trimethoprim","WARNINGS Embryofetal Toxicity Some epidemiologic studies suggest that exposure to sulfamethoxazole and trimethoprim during pregnancy may be associated with an increased risk of congenital malformations, particularly neural tube defects, cardiovascular malformations, urinary tract defects, oral clefts, and club foot. If sulfamethoxazole and trimethoprim is used during pregnancy, or if the patient becomes pregnant while taking this drug, the patient should be advised of the potential hazards to the fetus (see PRECAUTIONS ). Hypersensitivity and Other Serious or Fatal Reactions Fatalities and serious adverse reactions including severe cutaneous adverse reactions (SCARs) including Stevens-Johnson syndrome, toxic epidermal necrolysis, drug reaction with eosinophilia and systemic symptoms (DRESS), acute febrile neutrophilic dermatosis (AFND), acute generalized erythematous pustulosis (AGEP); fulminant hepatic necrosis; agranulocytosis, aplastic anemia and other blood dyscrasias; acute and delayed lung injury; anaphylaxis and circulatory shock have occurred with the administration of sulfamethoxazole and trimethoprim products, including sulfamethoxazole and trimethoprim (see ADVERSE REACTIONS ). Hypersensitivity Reactions of the Respiratory Tract Cough, shortness of breath and pulmonary infiltrates potentially representing hypersensitivity reactions of the respiratory tract have been reported in association with sulfamethoxazole and trimethoprim treatment. Respiratory Failure Other severe pulmonary adverse reactions occurring within days to week of sulfamethoxazole and trimethoprim initiation and resulting in prolonged respiratory failure requiring mechanical ventilation or extracorporeal membrane oxygenation (ECMO), lung transplantation or death have also been reported in patients and otherwise healthy individuals treated with sulfamethoxazole and trimethoprim products. Circulatory Shock Circulatory shock with fever, severe hypotension, and confusion requiring intravenous","ADVERSE REACTIONS The following adverse reactions associated with the use of sulfamethoxazole and trimethoprim were identified in clinical trials, postmarketing or published reports. Because some of these reactions were reported voluntarily from a population of uncertain size, it is not always possible to reliably estimate their frequency or establish a causal relationship to drug exposure. The most common adverse reactions are gastrointestinal disturbances (nausea, vomiting, anorexia) and allergic skin reactions (such as rash and urticaria). Fatalities and serious adverse reactions, including severe cutaneous adverse reactions (SCARs), including Stevens-Johnson syndrome, toxic epidermal necrolysis, drug reaction with eosinophilia and systemic symptoms (DRESS), acute febrile neutrophilic dermatosis (AFND), acute generalized erythematous pustulosis (AGEP); fulminant hepatic necrosis; agranulocytosis, aplastic anemia and other blood dyscrasias; acute and delayed lung injury; anaphylaxis and circulatory shock have occurred with the administration of sulfamethoxazole and trimethoprim products, including sulfamethoxazole and trimethoprim (see WARNINGS ). Hematologic: Agranulocytosis, aplastic anemia, thrombocytopenia, leukopenia, neutropenia, hemolytic anemia, megaloblastic anemia, hypoprothrombinemia, methemoglobinemia, eosinophilia, thrombotic thrombocytopenic purpura, idiopathic thrombocytopenic purpura. Allergic/Immune Reactions: Stevens-Johnson syndrome, toxic epidermal necrolysis, anaphylaxis, allergic myocarditis, erythema multiforme, exfoliative dermatitis, angioedema, drug fever, chills, Henoch-Schoenlein purpura, serum sickness-like syndrome, generalized allergic reactions, generalized skin eruptions, photosensitivity, conjunctival and scleral injection, pruritus, urticaria, rash, periarteritis nodosa, hemophagocytic lymphohistiocytosis (HLH), systemic lupus erythematosus, drug reaction with eosinophilia and systemic symptoms (DRESS), acute generalized erythema",
doxycycline,DOXYCYCLINE HYCLATE CAPSULE [COUPLER LLC],52ba329a-8cb3-cf30-e063-6394a90aa0dc,OK,4,"INDICATIONS AND USAGE To reduce the development of drug-resistant bacteria and maintain effectiveness of doxycycline hyclate capsules and other antibacterial drugs, doxycycline hyclate capsules should be used only to treat or prevent infections that are proven or strongly suspected to be caused by susceptible bacteria. When culture and susceptibility information are available, they should be considered in selecting or modifying antibacterial therapy. In the absence of such data, local epidemiology and susceptibility patterns may contribute to the empiric selection of therapy. Treatment Doxycycline is indicated for the treatment of the following infections: Rocky Mountain spotted fever, typhus fever and the typhus group, Q fever, rickettsialpox, and tick fevers caused by Rickettsiae. Respiratory tract infections caused by Mycoplasma pneumoniae . Lymphogranuloma venereum caused by Chlamydia trachomatis . Psittacosis (ornithosis) caused by Chlamydophil a psittaci . Trachoma caused by Chlamydia trachomatis , although the infectious agent is not always eliminated, as judged by immunofluorescence. Inclusion conjunctivitis caused by Chlamydia trachomatis . Uncomplicated urethral, endocervical, or rectal infections in adults caused by Chlamydia trachomatis. Nongonococcal urethritis caused by Ureaplasma urealyticum . Relapsing fever due to Borrelia recurrentis . Doxycycline is also indicated for the treatment of infections caused by the following gram-negative microorganisms: Chancroid caused by Haemophilus ducrey i . Plague due to Y ersinia pestis . Tularemia due to Francisella tularensis . Cholera caused by Vibrio cholerae. Campylobacter fetus infections caused by Campylobacter fetus . Brucellosis due to Brucella species (in conjunction with streptomycin). Bartonellosis due to Bartonella bacilliformis . Granuloma inguinale caused by Klebsiella granulomatis . Because many strains of the following groups of microorganisms have been shown to be resistant to doxycycline, culture and susceptibility testing are recommended. Doxycycline is indicated for treatment of infections caused by the following gram-negative bacteria, when bacteriologic testing indicates appropriate susceptibility to the drug: Escherichia coli. Enterobacter aerogenes . Shigella species. Acinetobacter species. Respiratory tract infections caused by Haemophil us influenzae . Respiratory tract and urinary tract infections caused by Klebsiella species. Doxycycline is indicated for treatment of infections caused by the following gram-positive microorganisms when bacteriologic testing indicates appropriate susceptibility to the drug: Upper respiratory infections caused by Streptococcus pneumoniae . Anthrax due to Bacillus anthracis , including inhalational anthrax (post-exposure): to reduce the incidence or progression of disease following exposure to aerosolized Bacillus anthracis . When penicillin is contraindicated, doxycycline is an alternative drug in the treatment of the following infections: Uncomplicated gonorrhea caused by Neisseria gonorrhoeae . Syphilis caused by Treponema pallidum . Yaws caused by Treponema pallidum subspecies pertenue . Listeriosis due to Listeria mo n ocytogenes . Vincent’s infection caused by Fusobacterium fusiforme . Actinomycosis caused by Actinomyces israe l i i . Infections caused by Clostridium species. In acute intestinal amebiasis, doxycycline may be a useful adjunct to amebicides. In severe acne, doxycycline may be useful adjunctive therapy. Prophylaxis Doxycycline is indicated for the prophylaxis of malaria due to Plasmodium falciparum in short-term travelers (<4 months) to areas with chloroquine and/or pyrimethamine-sulfadoxine resistant strains (See DOSAGE AND ADMINISTRATION section and Information for Patients subsection of the PRECAUTIONS section).

Prophylaxis Doxycycline is indicated for the prophylaxis of malaria due to Plasmodium falciparum in short-term travelers (<4 months) to areas with chloroquine and/or pyrimethamine-sulfadoxine resistant strains (See DOSAGE AND ADMINISTRATION section and Information for Patients subsection of the PRECAUTIONS section).

PRECAUTIONS General As with other antibacterial drugs, use of doxycycline hyclate capsules may result in overgrowth of nonsusceptible organisms, including fungi. If superinfection occurs, doxycycline hyclate capsules should be discontinued and appropriate therapy instituted. Incision and drainage or other surgical procedures should be performed in conjunction with antibacterial therapy, when indicated. Doxycycline offers substantial but not complete suppression of the asexual blood stages of Plasmodium strains. Doxycycline does not suppress P. falciparum ’s sexual blood stage gametocytes. Subjects completing this prophylactic regimen may still transmit the infection to mosquitoes outside endemic areas. Prescribing doxycycline hyclate capsules in the absence of proven or strongly suspected bacterial infection or a prophylactic indication is unlikely to ","WARNINGS The use of drugs of the tetracycline class during tooth development (last half of pregnancy, infancy and childhood to the age of 8 years) may cause permanent discoloration of the teeth (yellow-­gray-­brown). This adverse reaction is more common during long-­term use of the drugs, but it has been observed following repeated short-­term courses. Enamel hypoplasia has also been reported. Use doxycycline in pediatric patients 8 years of age or less only when the potential benefits are expected to outweigh the risks in severe or life-­threatening conditions (e.g., anthrax, Rocky Mountain spotted fever), particularly when there are no alternative therapies. Clostridioides difficile associated diarrhea (CDAD) has been reported with use of nearly all antibacterial agents, including doxycycline hyclate capsules, and may range in severity from mild diarrhea to fatal colitis. Treatment with antibacterial agents alters the normal flora of the colon leading to overgrowth of C. difficile. C. difficile produces toxins A and B which contribute to the development of CDAD. Hypertoxin producing strains of C. difficile cause increased morbidity and mortality, as these infections can be refractory to antimicrobial therapy and may require colectomy. CDAD must be considered in all patients who present with diarrhea following the use of antibacterial drugs. Careful medical history is necessary since CDAD has been reported to occur over two months after the administration of antibacterial agents. If CDAD is suspected or confirmed, ongoing use of antibacterial drugs not directed against C. difficile may need to be discontinued. Appropriate fluid and electrolyte management, protein supplementation, antibacterial treatment of C. diffic i le , and surgical evaluation should be instituted as clinically indicated. Severe skin reactions, such as exfoliative dermatitis, erythema multiforme, Stevens-­Johnson syndrome, toxic epidermal necrolysis, and drug reaction with eosinophilia and syste","ADVERSE REACTIONS Due to oral doxycycline’s virtually complete absorption, side effects of the lower bowel, particularly diarrhea, have been infrequent. The following adverse reactions have been observed in patients receiving tetracyclines: Gastrointestinal: anorexia, nausea, vomiting, diarrhea, glossitis, dysphagia, enterocolitis, inflammatory lesions (with monilial overgrowth) in the anogenital region, and pancreatitis. Hepatotoxicity has been reported rarely. These reactions have been caused by both the oral and parenteral administration of tetracyclines. Superficial discoloration of the adult permanent dentition, reversible upon drug discontinuation and professional dental cleaning has been reported. Permanent tooth discoloration and enamel hypoplasia may occur with drugs of the tetracycline class when used during tooth development (See WARNINGS ). Rare instances of esophagitis and esophageal ulcerations have been reported in patients receiving capsule and tablet forms of the drugs in the tetracycline class. Most of these patients took medications immediately before going to bed (See DOSAGE AND ADMINISTRATION ). Skin: toxic epidermal necrolysis, Stevens-Johnson syndrome, erythema multiforme, fixed drug eruption, skin hyperpigmentation, maculopapular and erythematous rashes. Exfoliative dermatitis has been reported but is uncommon. Photosensitivity is discussed above (See WARNINGS ). Renal toxicity: Rise in BUN has been reported and is apparently dose related (See WARNINGS ). Immune: Hypersensitivity reactions including urticaria, angioneurotic edema, anaphylaxis, anaphylactoid purpura, serum sickness, pericarditis, exacerbation of systemic lupus erythematosus, drug reaction with eosinophilia and systemic symptoms (DRESS), and Jarisch-Herxheimer reaction has been reported in the setting of spirochete infections treated with doxycycline. Blood: Hemolytic anemia, thrombocytopenia, neutropenia, and eosinophilia have been reported. Psychiatric: Depression, anxiety, s",
oseltamivir,"OSELTAMIVIR PHOSPHATE FOR ORAL SUSPENSION (OSELTAMIVIR PHOSPHATE) POWDER, FOR SUSPENSION [ORYZA PHARMACEUTICALS INC.]",11cf45d4-0e6c-4408-bbe6-5ed94468cf2e,OK,37,"2 DOSAGE AND ADMINISTRATION Treatment of influenza Adults and adolescents (13 years and older): 75 mg twice daily for 5 days ( 2.2 ) Pediatric patients 1 to 12 years of age: Based on weight twice daily for 5 days ( 2.2 ) Pediatric patients 2 weeks to less than 1 year of age: 3 mg/kg twice daily for 5 days ( 2.2 ) Renally impaired adult patients (creatinine clearance >30 to 60 mL/min): Reduce to 30 mg twice daily for 5 days ( 2.4 ) Renally impaired adult patients (creatinine clearance >10 to 30 mL/min): Reduce to 30 mg once daily for 5 days ( 2.4 ) ESRD patients on hemodialysis: Reduce to 30 mg immediately and then 30 mg after every hemodialysis cycle. Treatment duration not to exceed 5 days ( 2.4 ) ESRD patients on CAPD: Reduce to a single 30 mg dose immediately ( 2.4 ) Prophylaxis of influenza Adults and adolescents (13 years and older): 75 mg once daily for at least 10 days ( 2.3 ) Community outbreak: 75 mg once daily for up to 6 weeks ( 2.3 ) Pediatric patients 1 to 12 years of age: Based on weight once daily for 10 days ( 2.3 ) Community outbreak: Based on weight once daily for up to 6 weeks ( 2.3 ) Renally impaired adult patients (creatinine clearance >30 to 60 mL/min): Reduce to 30 mg once daily ( 2.4 ) Renally impaired adult patients (creatinine clearance >10 to 30 mL/min): Reduce to 30 mg once every other day ( 2.4 ) ESRD patients on hemodialysis: Reduce to 30 mg immediately and then 30 mg after alternate hemodialysis cycles for the recommended duration of prophylaxis ( 2.4 ) ESRD patients on CAPD: Reduce to 30 mg immediately and then 30 mg once weekly for the recommended duration of prophylaxis ( 2.4 ) 2.1 Dosage and Administration Overview Administer Oseltamivir Phosphate for Oral Suspension for the treatment of influenza in patients 2 weeks of age or older [see Dosage and Administration ( 2.2 )] or for prophylaxis of influenza in patients 1 year and older [see Dosage and Administration ( 2.3 )] using: Oseltamivir Phosphate for Oral Suspension (supplied as a powder). This is the preferred formulation (6 mg per mL) for patients who cannot swallow capsules. Prior to use, the supplied Oseltamivir Phosphate for Oral Suspension powder must be constituted with water by the pharmacist to produce the oral suspension [see Dosage and Administration ( 2.5 )] . The oral suspension may be taken with or without food; however, tolerability may be enhanced if Oseltamivir Phosphate for Oral Suspension is taken with food. Adjust the Oseltamivir Phosphate for Oral Suspension dosage in patients with moderate or severe renal impairment [see Dosage and Administration ( 2.4 )] . 2.2 Recommended Dosage for Treatment of Influenza Initiate treatment with Oseltamivir Phosphate for Oral Suspension within 48 hours of influenza symptom onset. Adults and Adolescents (13 years of age and older) The recommended oral dosage of Oseltamivir Phosphate for Oral Suspension for treatment of influenza in adults and adolescents 13 years and older is 75 mg twice daily (12.5 mL of oral suspension twice daily) for 5 days. Pediatric Patients (2 weeks of age through 12 years of age) Table 1 displays the recommended oral dosage of Oseltamivir Phosphate for Oral Suspension for treatment of influenza in pediatric patients 2 weeks of age through 12 years of age and provides information about prescribing the formulation for oral suspension. 2.3 Recommended Dosage for Prophylaxis of Influenza Initiate post-exposure prophylaxis with Oseltamivir Phosphate for Oral Suspension within 48 hours following close contact with an infected individual. Initiate seasonal prophylaxis with Oseltamivir Phosphate for Oral Suspension during a community outbreak. Adults and Adolescents (13 years of age and older) The recommended dosage of Oseltamivir Phosphate for Oral Suspension for prophylaxis of influenza in adults and adolescents 13 years and older is 75 mg orally once daily (one 75 mg capsule or 12.5 mL of oral suspension once daily) for at least 10 days following close contact with an infected individual and up to 6 weeks during a community outbreak. In immunocompromised patients, Oseltamivir Phosphate for Oral Suspension may be continued for up to 12 weeks [see Use in Specific Populations ( 8.9 )] . The duration of protection lasts for as long as Oseltamivir Phosphate for Oral Suspension dosing is continued. Pediatric Patients (1 year to 12 years of age) Table 1 displays the recommended oral dosage of Oseltamivir Phosphate for Oral Suspension for prophylaxis of influenza in pediatric patients 1 year to 12 years of age based on body weight and provides information about prescribing the formulation for oral suspension. Prophylaxis in pediatric patients is recommended for 10 days following close contact with an infected individual and up to 6 weeks during a community outbreak [see Use in Specific Populations ( 8.4 ) and Clinical Studies ( 14.2 )] . Table 1 Oseltamivir Phosphate for Oral Suspension Dosage Recommendations in Pediatric Patients for Treatment and Prop","5 WARNINGS AND PRECAUTIONS Serious skin/hypersensitivity reactions such as Stevens-Johnson Syndrome, toxic epidermal necrolysis and erythema multiforme: Discontinue Oseltamivir Phosphate for Oral Suspension and initiate appropriate treatment if allergic-like reactions occur or are suspected. ( 5.1 ) Neuropsychiatric events: Patients with influenza, including those receiving Oseltamivir Phosphate for Oral Suspension , particularly pediatric patients, may be at an increased risk of confusion or abnormal behavior early in their illness. Monitor for signs of abnormal behavior. ( 5.2 ) 5.1 Serious Skin/Hypersensitivity Reactions Cases of anaphylaxis and serious skin reactions including toxic epidermal necrolysis, Stevens-Johnson Syndrome, and erythema multiforme have been reported in postmarketing experience with Oseltamivir Phosphate for Oral Suspension. Stop Oseltamivir Phosphate for Oral Suspension and institute appropriate treatment if an allergic-like reaction occurs or is suspected. The use of Oseltamivir Phosphate for Oral Suspension is contraindicated in patients with known serious hypersensitivity to Oseltamivir Phosphate for Oral Suspension [see Contraindications ( 4 ) and Adverse Reactions ( 6.2 )] . 5.2 Neuropsychiatric Events There have been postmarketing reports of delirium and abnormal behavior leading to injury, and in some cases resulting in fatal outcomes, in patients with influenza who were receiving Oseltamivir Phosphate for Oral Suspension [see Adverse Reactions ( 6.2 )] . Because these events were reported voluntarily during clinical practice, estimates of frequency cannot be made but they appear to be uncommon based on Oseltamivir Phosphate for Oral Suspension usage data. These events were reported primarily among pediatric patients and often had an abrupt onset and rapid resolution. The contribution of Oseltamivir Phosphate for Oral Suspension to these events has not been established. Influenza can be associated with a variety of neurologic and be","6 ADVERSE REACTIONS The following serious adverse reactions are discussed below and elsewhere in the labeling: Serious skin and hypersensitivity reactions [see Warnings and Precautions ( 5.1 )] Neuropsychiatric events [see Warnings and Precautions ( 5.2 )] Most common adverse reactions (>1% and more common than with placebo): Treatment studies – Nausea, vomiting, headache. ( 6.1 ) Prophylaxis studies – Nausea, vomiting, headache, pain. ( 6.1 ) To report SUSPECTED ADVERSE REACTIONS, contact Oryza at 1-866-637-4281 or FDA at 1-800-FDA-1088 or www.fda.gov/medwatch 6.1 Clinical Trials Experience Because clinical trials are conducted under widely varying conditions, adverse reaction rates observed in the clinical trials of a drug cannot be directly compared to rates in the clinical trials of another drug and may not reflect the rates observed in practice. Adverse Reactions from Treatment and Prophylaxis Trials in Adult and Adolescent Subjects (13 years of age and older) The overall safety profile of Oseltamivir Phosphate for Oral Suspension is based on data from 2,646 adult and adolescent subjects that received the recommended dosage of 75 mg orally twice daily for 5 days for treatment of influenza and 1,943 adult and adolescent subjects that received the recommended dosage of 75 mg orally once daily for up to 6 weeks for prophylaxis of influenza in clinical trials. The most common adverse reactions in the pooled treatment and pooled prophylaxis trials in adults and adolescents are displayed in Table 5. The majority of these adverse reactions were reported on a single occasion, occurred on either the first or second treatment day and resolved spontaneously within 1 to 2 days. This summary includes otherwise healthy adults/adolescents and subjects “at risk” (subjects at higher risk of developing complications associated with influenza, e.g., elderly patients and patients with chronic cardiac or respiratory disease). In general, the safety profile in the subjects “at risk”",
acyclovir,"ACYCLOVIR TABLET [PD-RX PHARMACEUTICALS, INC.]",db0a0ce5-dc39-4bd3-8b97-21ce9c9999f0,OK,24,"CLINICAL PHARMACOLOGY Pharmacokinetics: The pharmacokinetics of acyclovir after oral administration have been evaluated in healthy volunteers and in immunocompromised patients with herpes simplex or varicella-zoster virus infection. Acyclovir pharmacokinetic parameters are summarized in Table 1. Table 1. Acyclovir Pharmacokinetic Characteristics (Range) Parameter Range Plasma protein binding 9% to 33% Plasma elimination half-life 2.5 to 3.3 hr Average oral bioavailability 10% to 20%* *Bioavailability decreases with increasing dose. In one multiple-dose, crossover study in healthy subjects (n = 23), it was shown that increases in plasma acyclovir concentrations were less than dose proportional with increasing dose, as shown in Table 2. The decrease in bioavailability is a function of the dose and not the dosage form. Table 2. Acyclovir Peak and Trough Concentrations at Steady State Parameter 200 mg 400 mg 800 mg C SS max 0.83 mcg/mL 1.21 mcg/mL 1.61 mcg/mL C SS trough 0.46 mcg/mL 0.63 mcg/mL 0.83 mcg/mL There was no effect of food on the absorption of acyclovir (n = 6); therefore, acyclovir tablets may be administered with or without food. The only known urinary metabolite is 9-[(carboxymethoxy)methyl]guanine. Special Populations: Adults With Impaired Renal Function: The half-life and total body clearance of acyclovir are dependent on renal function. A dosage adjustment is recommended for patients with reduced renal function (see DOSAGE AND ADMINISTRATION ). Geriatrics: Acyclovir plasma concentrations are higher in geriatric patients compared with younger adults, in part due to age-related changes in renal function. Dosage reduction may be required in geriatric patients with underlying renal impairment (see PRECAUTIONS: Geriatric Use ). Pediatrics: In general, the pharmacokinetics of acyclovir in pediatric patients is similar to that of adults. Mean half-life after oral doses of 300 mg/m 2 and 600 mg/m 2 in pediatric patients aged 7 months to 7 years was 2.6 hours (range 1.59 to 3.74 hours). Drug Interactions: Coadministration of probenecid with intravenous acyclovir has been shown to increase the mean acyclovir half-life and the area under the concentration-time curve. Urinary excretion and renal clearance were correspondingly reduced. Clinical Trials: Initial Genital Herpes: Double-blind, placebo-controlled studies have demonstrated that orally administered acyclovir tablets significantly reduced the duration of acute infection and duration of lesion healing. The duration of pain and new lesion formation was decreased in some patient groups. Recurrent Genital Herpes: Double-blind, placebo-controlled studies in patients with frequent recurrences (6 or more episodes per year) have shown that orally administered acyclovir tablets given daily for 4 months to 10 years prevented or reduced the frequency and/or severity of recurrences in greater than 95% of patients. In a study of patients who received acyclovir tablets 400 mg twice daily for 3 years, 45%, 52%, and 63% of patients remained free of recurrences in the first, second, and third years, respectively. Serial analyses of the 3-month recurrence rates for the patients showed that 71% to 87% were recurrence free in each quarter. Herpes Zoster Infections: In a double-blind, placebo-controlled study of immunocompetent patients with localized cutaneous zoster infection, acyclovir tablets (800 mg 5 times daily for 10 days) shortened the times to lesion scabbing, healing, and complete cessation of pain, and reduced the duration of viral shedding and the duration of new lesion formation. In a similar double-blind, placebo-controlled study, acyclovir tablets (800 mg 5 times daily for 7 days) shortened the times to complete lesion scabbing, healing, and cessation of pain; reduced the duration of new lesion formation; and reduced the prevalence of localized zoster-associated neurologic symptoms (paresthesia, dysesthesia, or hyperesthesia). Treatment was begun within 72 hours of rash onset and was most effective if started within the first 48 hours. Adults greater than 50 years of age showed greater benefit. Chickenpox: Three randomized, double-blind, placebo-controlled trials were conducted in 993 pediatric patients aged 2 to 18 years with chickenpox. All patients were treated within 24 hours after the onset of rash. In 2 trials, acyclovir tablets were administered at 20 mg/kg 4 times daily (up to 3,200 mg per day) for 5 days. In the third trial, doses of 10, 15, or 20 mg/kg were administered 4 times daily for 5 to 7 days. Treatment with acyclovir tablets shortened the time to 50% healing; reduced the maximum number of lesions; reduced the median number of vesicles; decreased the median number of residual lesions on day 28; and decreased the proportion of patients with fever, anorexia, and lethargy by day 2. Treatment with acyclovir tablets did not affect varicella-zoster virus-specific humoral or cellular immune responses at 1 month or 1 year following treatment.

","WARNINGS Acyclovir tablets are intended for oral ingestion only. Renal failure, in some cases resulting in death, has been observed with acyclovir therapy (see ADVERSE REACTIONS: Observed During Clinical Practice and OVERDOSAGE ). Thrombotic thrombocytopenic purpura/hemolytic uremic syndrome (TTP/HUS), which has resulted in death, has occurred in immunocompromised patients receiving acyclovir therapy. Severe cutaneous adverse reactions (SCARs), including acute generalized exanthematous pustulosis (AGEP), drug reaction with eosinophilia and systemic symptoms (DRESS), Stevens-Johnson syndrome (SJS), toxic epidermal necrolysis (TEN), and erythema multiforme (EM) have been reported with acyclovir (see CONTRAINDICATIONS and ADVERSE REACTIONS ). Discontinue acyclovir tablets immediately if a painful rash with mucosal involvement or a progressive severe rash develops. Closely monitor clinical status and initiate appropriate therapy. Acyclovir tablets are contraindicated in patients who have developed SCARs with the use of acyclovir or valacyclovir, or any component of the formulation (see CONTRAINDICATIONS and ADVERSE REACTIONS ).","ADVERSE REACTIONS Herpes Simplex: Short-Term Administration: The most frequent adverse events reported during clinical trials of treatment of genital herpes with acyclovir tablets 200 mg administered orally 5 times daily every 4 hours for 10 days were nausea and/or vomiting in 8 of 298 patient treatments (2.7%). Nausea and/or vomiting occurred in 2 of 287 (0.7%) patients who received placebo. Long-Term Administration: The most frequent adverse events reported in a clinical trial for the prevention of recurrences with continuous administration of 400 mg (two 200 mg capsules) 2 times daily for 1 year in 586 patients treated with acyclovir tablets were nausea (4.8%) and diarrhea (2.4%). The 589 control patients receiving intermittent treatment of recurrences with acyclovir tablets for 1 year reported diarrhea (2.7%), nausea (2.4%), and headache (2.2%). Herpes Zoster: The most frequent adverse event reported during 3 clinical trials of treatment of herpes zoster (shingles) with 800 mg of oral acyclovir tablets 5 times daily for 7 to 10 days in 323 patients was malaise (11.5%). The 323 placebo recipients reported malaise (11.1%). Chickenpox: The most frequent adverse event reported during 3 clinical trials of treatment of chickenpox with oral acyclovir tablets at doses of 10 to 20 mg/kg 4 times daily for 5 to 7 days or 800 mg 4 times daily for 5 days in 495 patients was diarrhea (3.2%). The 498 patients receiving placebo reported diarrhea (2.2%). Observed During Clinical Practice: In addition to adverse events reported from clinical trials, the following events have been identified during post-approval use of acyclovir tablets. Because they are reported voluntarily from a population of unknown size, estimates of frequency cannot be made. These events have been chosen for inclusion due to either their seriousness, frequency of reporting, potential causal connection to acyclovir tablets or a combination of these factors. General: Anaphylaxis, angioedema, fever, headache, p",
valacyclovir,"VALACYCLOVIR TABLET, FILM COATED [PD-RX PHARMACEUTICALS, INC.]",1b11361c-5444-498b-ab7c-fbad917705ae,OK,41,"2 DOSAGE AND ADMINISTRATION • Valacyclovir tablets may be given without regard to meals. • Valacyclovir oral suspension (25 mg/mL or 50 mg/mL) may be prepared extemporaneously from 500-mg valacyclovir tablets for use in pediatric patients for whom a solid dosage form is not appropriate [see Dosage and Administration ( 2.3 )]. Adult Dosage ( 2.1 ) Cold Sores 2 grams every 12 hours for 1 day Genital Herpes Initial episode 1 gram twice daily for 10 days Recurrent episodes 500 mg twice daily for 3 days Suppressive therapy Immunocompetent patients 1 gram once daily Alternate dose in patients with less than or equal to 9 recurrences/year 500 mg once daily HIV-1-infected patients 500 mg twice daily Reduction of transmission 500 mg once daily Herpes Zoster 1 gram 3 times daily for 7 days Pediatric Dosage ( 2.2 ) Cold Sores (aged greater than or equal to 12 years) 2 grams every 12 hours for 1 day Chickenpox (aged 2 to less than 18 years) 20 mg/kg 3 times daily for 5 days; not to exceed 1 gram 3 times daily Valacyclovir oral suspension (25 mg/mL or 50 mg/mL) can be prepared from the 500 mg valacyclovir tablets. ( 2.3 ) 2.1 Adult Dosing Recommendations Cold Sores (Herpes Labialis) The recommended dosage of valacyclovir tablets for treatment of cold sores is 2 grams twice daily for 1 day taken 12 hours apart. Therapy should be initiated at the earliest symptom of a cold sore (e.g., tingling, itching, or burning). Genital Herpes Initial Episode: The recommended dosage of valacyclovir tablets for treatment of initial genital herpes is 1 gram twice daily for 10 days. Therapy was most effective when administered within 48 hours of the onset of signs and symptoms. Recurrent Episodes: The recommended dosage of valacyclovir tablets for treatment of recurrent genital herpes is 500 mg twice daily for 3 days. Initiate treatment at the first sign or symptom of an episode. Suppressive Therapy: The recommended dosage of valacyclovir tablets for chronic suppressive therapy of recurrent genital herpes is 1 gram once daily in patients with normal immune function. In patients with a history of 9 or fewer recurrences per year, an alternative dose is 500 mg once daily. In HIV-1-infected patients with a CD4+ cell count greater than or equal to 100 cells/mm 3 , the recommended dosage of valacyclovir tablets for chronic suppressive therapy of recurrent genital herpes is 500 mg twice daily. Reduction of Transmission: The recommended dosage of valacyclovir tablets for reduction of transmission of genital herpes in patients with a history of 9 or fewer recurrences per year is 500 mg once daily for the source partner. Herpes Zoster The recommended dosage of valacyclovir tablets for treatment of herpes zoster is 1 gram 3 times daily for 7 days. Therapy should be initiated at the earliest sign or symptom of herpes zoster and is most effective when started within 48 hours of the onset of rash. 2.2 Pediatric Dosing Recommendations Cold Sores (Herpes Labialis) The recommended dosage of valacyclovir tablets for the treatment of cold sores in pediatric patients aged greater than or equal to 12 years is 2 grams twice daily for 1 day taken 12 hours apart. Therapy should be initiated at the earliest symptom of a cold sore (e.g., tingling, itching, or burning). Chickenpox The recommended dosage of valacyclovir tablets for treatment of chickenpox in immunocompetent pediatric patients aged 2 to less than 18 years is 20 mg/kg administered 3 times daily for 5 days. The total dose should not exceed 1 gram 3 times daily. Therapy should be initiated at the earliest sign or symptom [see Use in Specific Populations ( 8.4 ), Clinical Pharmacology ( 12.3 ), Clinical Studies ( 14.4 )]. 2.3 Extemporaneous Preparation of Oral Suspension Ingredients and Preparation per USP-NF valacyclovir tablets 500 mg, cherry flavor, and Suspension Structured Vehicle USP-NF (SSV). Valacyclovir oral suspension (25 mg/mL or 50 mg/mL) should be prepared in lots of 100 mL. Instructions for Preparing Suspension at Time of Dispensing • Prepare SSV according to the USP-NF. • Using a pestle and mortar, grind the required number of valacyclovir 500-mg tablets until a fine powder is produced (5 valacyclovir tablets for 25-mg/mL suspension; 10 valacyclovir tablets for 50-mg/mL suspension). • Gradually add approximately 5-mL aliquots of SSV to the mortar and triturate the powder until a paste has been produced. Ensure that the powder has been adequately wetted. • Continue to add approximately 5-mL aliquots of SSV to the mortar, mixing thoroughly between additions, until a concentrated suspension is produced, to a minimum total quantity of 20 mL SSV and a maximum total quantity of 40 mL SSV for both the 25-mg/mL and 50-mg/mL suspensions. • Transfer the mixture to a suitable 100-mL measuring flask. • Transfer the cherry flavor* to the mortar and dissolve in approximately 5 mL of SSV. Once dissolved, add to the measuring flask. • Rinse the mortar at least 3 times with approximately 5-mL aliquots of ","5 WARNINGS AND PRECAUTIONS • Thrombotic thrombocytopenic purpura/hemolytic uremic syndrome (TTP/HUS): Has occurred in patients with advanced HIV-1 disease and in allogenic bone marrow transplant and renal transplant patients receiving 8 grams per day of valacyclovir in clinical trials. Discontinue treatment if clinical symptoms and laboratory findings consistent with TTP/HUS occur. ( 5.1 ) • Acute renal failure: May occur in elderly patients (with or without reduced renal function), patients with underlying renal disease who receive higher- than-recommended doses of valacyclovir for their level of renal function, patients who receive concomitant nephrotoxic drugs, or inadequately hydrated patients. Use with caution in elderly patients and reduce dosage in patients with renal impairment. ( 2.4 , 5.2 ) • Central nervous system adverse reactions (e.g., agitation, hallucinations, confusion, and encephalopathy): May occur in both adult and pediatric patients (with or without reduced renal function) and in patients with underlying renal disease who receive higher-than-recommended doses of valacyclovir for their level of renal function. Elderly patients are more likely to have central nervous system adverse reactions. Use with caution in elderly patients and reduce dosage in patients with renal impairment. ( 2.4 , 5.3 ) • Severe cutaneous adverse reactions (SCARs): Including acute generalized exanthematous pustulosis (AGEP), drug reaction with eosinophilia and systemic symptoms (DRESS), toxic epidermal necrolysis (TEN), and Stevens-Johnson syndrome (SJS) have been reported during the postmarketing experience with valacyclovir. Discontinue valacyclovir immediately if a painful rash with mucosal involvement or a progressive severe rash develops, and closely monitor clinical status. (5.4) 5.1 Thrombotic Thrombocytopenic Purpura/Hemolytic Uremic Syndrome (TTP/HUS) TTP/HUS, in some cases resulting in death, has occurred in patients with advanced HIV-1 disease and also in alloge","5.4 Severe Cutaneous Adverse Reactions Severe cutaneous adverse reactions (SCARs), including acute generalized exanthematous pustulosis (AGEP), drug reaction with eosinophilia and systemic symptoms (DRESS), Stevens-Johnson syndrome (SJS),and toxic epidermal necrolysis (TEN) have been reported during postmarketing experience with valacyclovir [see Contraindications (4) and Adverse Reactions (6.3) ]. Discontinue valacyclovir immediately if a painful rash with mucosal involvement or a progressive severe rash develops. Closely monitor clinical status and initiate appropriate therapy. Valacyclovir is contraindicated in patients who have developed SCARs with the use of valacyclovir or acyclovir, or any component of the formulation [see Contraindications (4) , Adverse Reactions (6.3) ].",
acetaminophen,"CHILDRENS DELSYM COUGH PLUS COLD NIGHT TIME (ACETAMINOPHEN, DIPHENHYDRAMINE HYDROCHLORIDE, AND PHENYLEPHRINE HYDROCHLORIDE) SOLUTION [RECKITT BENCKISER LLC]",00689aa5-ed39-4c9a-92b8-105d2c0e2e15,OK,0,"Directions this product does not contain directions or complete warnings for adult use do not give more than directed (see Overdose warning ) measure only with dosing cup provided do not use dosing cup with other products dose as follows or as directed by a doctor children 6 to under 12 years of age: 10 mL in dosing cup provided every 4 hours while symptoms last; do not give more than 5 doses in any 24-hour period children under 6 years of age: do not use

Other information each 10 mL contains: sodium 6 mg store at 20-25°C (68-77°F) do not refrigerate

Inactive ingredients anhydrous citric acid, edetate disodium, FD&C blue no. 1, FD&C red no. 40, flavors, glycerin, propyl gallate, propylene glycol, purified water, sodium benzoate, sorbitol, sucralose, trisodium citrate dihydrate may contain this ingredient , xanthan gum

Questions? 1-866-682-4639 You may also report side effects to this phone number.

PRINCIPAL DISPLAY PANEL - 118 mL Bottle Carton NDC 63824-212-64 Ages 6 Years+ Children's Delsym ® COUGH + Cold Night Time Acetaminophen (Pain Reliever/Fever Reducer) Diphenhydramine HCl (Antihistamine/Cough Suppressant) Phenylephrine HCl (Nasal Decongestant) Relieves Cough Relieves Stuffy Nose Relieves Sore Throat Reduces Fever Berry Flavor 4 fl oz (118 mL) Label","Warnings Liver warning This product contains acetaminophen. Severe liver damage may occur if your child takes: more than 5 doses in 24 hours, which is the maximum daily amount with other drugs containing acetaminophen Allergy alert Acetaminophen may cause severe skin reactions. Symptoms may include: skin reddening blisters rash If a skin reaction occurs, stop use and seek medical help right away. Sore throat warning I f sore throat is severe, persists for more than 2 days, is accompanied or followed by fever, headache, rash, nausea, or vomiting, consult a doctor promptly. Do not use with any other drug containing acetaminophen (prescription or nonprescription). If you are not sure whether a drug contains acetaminophen, ask a doctor or pharmacist. to make a child sleepy with any other product containing diphenhydramine, even one used on the skin in a child who is taking a prescription monoamine oxidase inhibitor (MAOI) (certain drugs for depression, psychiatric, or emotional conditions, or Parkinson's disease), or for 2 weeks after stopping the MAOI drug. If you do not know if your child's prescription drug contains an MAOI, ask a doctor or pharmacist before giving this product. Ask a doctor before use if the child has liver disease heart disease diabetes high blood pressure thyroid disease glaucoma a breathing problem such as chronic bronchitis persistent or chronic cough such as occurs with asthma cough that occurs with too much phlegm (mucus) Ask a doctor or pharmacist before use if the child is taking the blood thinning drug warfarin taking sedatives or tranquilizers When using this product do not use more than directed (see Overdose warning ) excitability may occur, especially in children marked drowsiness may occur sedatives and tranquilizers may increase drowsiness Stop use and ask a doctor if nervousness, dizziness, or sleeplessness occur pain, nasal congestion, or cough gets worse or lasts more than 5 days fever gets worse or lasts more than 3 days redness o",,
ibuprofen,"CHILDRENS IBUPROFEN (IBUPROFEN) SUSPENSION [NUCARE PHARMACEUTICALS, INC.]",52d3e633-13a2-cdcd-e063-6394a90ac189,OK,0,"Directions this product does not contain directions or complete warnings for adult use do not give more than directed shake well before using mL = milliliter find right dose on chart. If possible, use weight to dose; otherwise use age. use only enclosed dosing cup. Do not use any other dosing device. if needed, repeat dose every 6-8 hours do not use more than 4 times a day replace original bottle cap to maintain child resistance wash dosage cup after each use Dosing Chart Weight (lb) Age (yr) Dose (mL)** under 24 lbs under 2 years ask a doctor 24-35 lbs 2-3 years 5 mL 36-47 lbs 4-5 years 7.5 mL 48-59 lbs 6-8 years 10 mL 60-71 lbs 9-10 years 12.5 mL 72-95 lbs 11 years 15 mL **or as directed by a doctor

Other information each 5 mL contains: sodium 2 mg do not use if printed neckband is broken or missing store at 20-25 ° C (68-77 ° F) do not freeze

Inactive ingredients anhydrous citric acid, FD&C red #40, glycerin, high fructose corn syrup, hypromellose, natural and artificial bubblegum flavors, polysorbate 80, purified water, sodium benzoate, sorbitol solution, xanthan gum

Questions or comments? 1-800-719-9260","Warnings Allergy alert: Ibuprofen may cause a severe allergic reaction, especially in people allergic to aspirin. Symptoms may include: hives facial swelling asthma (wheezing) shock skin reddening rash blisters If an allergic reaction occurs, stop use and seek medical help right away. Stomach bleeding warning: This product contains an NSAID, which may cause severe stomach bleeding. The chance is higher if your child: has had stomach ulcers or bleeding problems takes a blood thinning (anticoagulant) or steroid drug takes other drugs containing prescription or nonprescription NSAIDs (aspirin, ibuprofen, naproxen, or others) takes more or for a longer time than directed Heart attack and stroke warning: NSAIDs, except aspirin, increase the risk of heart attack, heart failure, and stroke. These can be fatal. The risk is higher if you use more than directed or for longer than directed. Sore throat warning: Severe or persistent sore throat or sore throat accompanied by high fever, headache, nausea, and vomiting may be serious. Consult doctor promptly. Do not use more than 2 days or administer to children under 3 years of age unless directed by doctor. Do not use if the child has ever had an allergic reaction to any other pain reliever/fever reducer right before or after heart surgery Ask a doctor before use if stomach bleeding warning applies to your child child has a history of stomach problems, such as heartburn child has problems or serious side effects from taking pain relievers or fever reducers child has not been drinking fluids child has lost a lot of fluid due to vomiting or diarrhea child has high blood pressure, heart disease, liver cirrhosis, kidney disease, or had a stroke child has asthma child is taking a diuretic Ask a doctor or pharmacist before use if the child is under a doctor’s care for any serious condition taking any other drug When using this product give with food or milk if stomach upset occurs Stop use and ask a doctor if child experiences any of ",,
naproxen,NAPROXEN TABLET [COUPLER LLC],52b8e52e-73be-3423-e063-6294a90af6e0,OK,16,"2 DOSAGE AND ADMINISTRATION Use the lowest effective dosage for shortest duration consistent with individual patient treatment goals. ( 2.1 ) Rheumatoid Arthritis, Osteoarthritis, and Ankylosing Spondylitis Naproxen tablets 250 mg (one-half tablet) 500 mg twice daily Naproxen sodium tablets 275 mg (one-half tablet) 550 mg twice daily The dose may be adjusted up or down depending on the clinical response of the patient. In patients who tolerate lower doses well, the dose may be increased to naproxen 1500 mg/ day for up to 6 months. Polyarticular Juvenile Idiopathic Arthritis Naproxen tablets may not allow for the flexible dose titration needed in pediatric patients with polyarticular juvenile idiopathic arthritis. A liquid formulation may be more appropriate. Recommended total daily dose of naproxen is approximately 10 mg/kg given in 2 divided doses. Dosing with naproxen tablets is not appropriate for children weighing less than 50 kilograms. Management of Pain, Primary Dysmenorrhea, and Acute Tendonitis and Bursitis Recommended starting dose 550 mg of naproxen sodium as naproxen sodium tablets followed by 550 mg every 12 hours or 275 mg every 6 to 8 hours as required. The initial total daily dose should not exceed 1375 mg of naproxen sodium. Thereafter, the total daily dose should not exceed 1100 mg of naproxen sodium. Naproxen sodium tablets are recommended for the management of acute painful conditions when prompt onset of pain relief is desired. Acute Gout Recommended starting dose 750 mg of naproxen tablets followed by 250 mg every 8 hours until the attack has subsided. Naproxen sodium tablets may also be used at a starting dose of 825 mg followed by 275 mg every 8 hours. 2.1 General Dosing Instructions Carefully consider the potential benefits and risks of naproxen tablets and naproxen sodium tablets and other treatment options before deciding to use naproxen tablets and naproxen sodium tablets. Use the lowest effective dose for the shortest duration consistent with individual patient treatment goals [ see Warnings and Precautions ( 5 ) ]. After observing the response to initial therapy with naproxen tablets or naproxen sodium tablets, the dose and frequency should be adjusted to suit an individual patient’s needs. Naproxen-containing products such as naproxen and naproxen sodium tablets, and other naproxen products should not be used concomitantly since they all circulate in the plasma as the naproxen anion. 2.2 Rheumatoid Arthritis, Osteoarthritis and Ankylosing Spondylitis The recommended dosages of naproxen tablets and naproxen sodium tablets are shown in Table 1. Table 1: Recommended dosages for naproxen tablets and naproxen sodium tablets Naproxen tablets 250 mg (one half tablet) 500 mg twice daily Naproxen sodium tablets 275 mg (one half tablet) 550 mg (naproxen 500 mg with 50 mg sodium) twice daily During long-term administration, the dose of naproxen may be adjusted up or down depending on the clinical response of the patient. A lower daily dose may suffice for long-term administration. The morning and evening doses do not have to be equal in size and administration of the drug more frequently than twice daily does not generally make a difference in response. In patients who tolerate lower doses well, the dose may be increased to naproxen 1500 mg/day for limited periods of up to 6 months when a higher level of anti-inflammatory/analgesic activity is required. When treating such patients with naproxen 1500 mg/day, the physician should observe sufficient increased clinical benefits to offset the potential increased risk. 2.3 Polyarticular Juvenile Idiopathic Arthritis Naproxen solid-oral dosage forms may not allow for the flexible dose titration needed in pediatric patients with polyarticular juvenile idiopathic arthritis. A liquid formulation may be more appropriate for weight-based dosing and due to the need for dose flexibility in children. In pediatric patients, doses of 5 mg/kg/day produced plasma levels of naproxen similar to those seen in adults taking 500 mg of naproxen [ see Clinical Pharmacology ( 12 ) ]. The recommended total daily dose of naproxen is approximately 10 mg/kg given in 2 divided doses. Dosing with naproxen tablets is not appropriate for children weighing less than 50 kilograms. 2.4 Management of Pain, Primary Dysmenorrhea, and Acute Tendonitis and Bursitis The recommended starting dose of naproxen sodium tablets is 550 mg followed by 550 mg every 12 hours or 275 mg (one half of a 550 mg tablet) every 6 to 8 hours as required. The initial total daily dose should not exceed 1375 mg (two and one-half tablets) of naproxen sodium. Thereafter, the total daily dose should not exceed 1100 mg of naproxen sodium. Because the sodium salt of naproxen is more rapidly absorbed, naproxen sodium tablets is recommended for the management of acute painful conditions when prompt onset of pain relief is desired. Naproxen tablets may also be used. The recommended starting dose of naproxen ta","5 WARNINGS AND PRECAUTIONS Hepatotoxicity : Inform patients of warning signs and symptoms of hepatotoxicity. Discontinue if abnormal liver tests persist or worsen or if clinical signs and symptoms of liver disease develop. ( 5.3 ) Hypertension : Patients taking some antihypertensive medications may have impaired response to these therapies when taking NSAIDs. Monitor blood pressure. ( 5.4 , 7 ) Heart Failure and Edema: Avoid use of naproxen tablets and naproxen sodium tablets in patients with severe heart failure unless benefits are expected to outweigh risk of worsening heart failure. ( 5.5 ) Renal Toxicity : Monitor renal function in patients with renal or hepatic impairment, heart failure, dehydration, or hypovolemia. Avoid use of naproxen tablets and naproxen sodium tablets in patients with advanced renal disease unless benefits are expected to outweigh risk of worsening renal function. ( 5.6 ) Anaphylactic Reactions: Seek emergency help if an anaphylactic reaction occurs. ( 5.7 ) Exacerbation of Asthma Related to Aspirin Sensitivity: Naproxen tablets and naproxen sodium tablets are contraindicated in patients with aspirin-sensitive asthma. Monitor patients with preexisting asthma (without aspirin sensitivity). ( 5.8 ) Serious Skin Reactions : Discontinue naproxen tablets and naproxen sodium tablets at first appearance of skin rash or other signs of hypersensitivity. ( 5.9 ) Drug Reaction with Eosinophilia and Systemic Symptoms (DRESS): Discontinue and evaluate clinically ( 5.10 ). Fetal Toxicity: Limit use of NSAIDs, including naproxen tablets and naproxen sodium tablets, between about 20 to 30 weeks in pregnancy due to the risk of oligohydramnios/fetal dysfunction. Avoid use of NSAIDs in women at about 30 weeks gestation and later in pregnancy due to the risks of oligohydramnios/fetal renal dysfunction and premature closure of the fetal ductus arteriosus. ( 5.11 , 8.1 ) Hematologic Toxicity : Monitor hemoglobin or hematocrit in patients with any signs or sympt","6 ADVERSE REACTIONS The following adverse reactions are discussed in greater detail in other sections of the labeling: Cardiovascular Thrombotic Events [ see Warnings and Precautions ( 5.1 ) ] GI Bleeding, Ulceration, and Perforation [ see Warnings and Precautions ( 5.2 ) ] Hepatotoxicity [ see Warnings and Precautions ( 5.3 ) ] Hypertension [ see Warnings and Precautions ( 5.4 ) ] Heart Failure and Edema [ see Warnings and Precautions ( 5.5 ) ] Renal Toxicity and Hyperkalemia [ see Warnings and Precautions ( 5.6 ) ] Anaphylactic Reactions [ see Warnings and Precautions ( 5.7 ) ] Serious Skin Reactions [ see Warnings and Precautions ( 5.9 ) ] Hematologic Toxicity [ see Warnings and Precautions ( 5.12 ) ] Most common adverse reactions to naproxen were dyspepsia, abdominal pain, nausea, headache, rash, ecchymosis, and edema. ( 6.1 ) To report SUSPECTED ADVERSE REACTIONS, contact Glenmark Pharmaceuticals Inc., USA at 1 (888) 721-7115 or FDA at 1-800-FDA-1088 or www.fda.gov/medwatch. 6.1 Clinical Trials Experience Because clinical trials are conducted under widely varying conditions, adverse reaction rates observed in the clinical trials of a drug cannot be directly compared to rates in the clinical trials of another drug and may not reflect the rates observed in practice. Adverse reactions reported in controlled clinical trials in 960 patients treated for rheumatoid arthritis or osteoarthritis are listed below. In general, reactions in patients treated chronically were reported 2 to 10 times more frequently than they were in short-term studies in the 962 patients treated for mild to moderate pain or for dysmenorrhea. The most frequent complaints reported related to the gastrointestinal tract. A clinical study found gastrointestinal reactions to be more frequent and more severe in rheumatoid arthritis patients taking daily doses of 1500 mg naproxen compared to those taking 750 mg naproxen. In controlled clinical trials with about 80 pediatric patients and in well-monito",
cetirizine,"CETIRIZINE HCL CAPSULE [SIXARP, LLC]",52d2ca17-0741-a6e9-e063-6294a90a015c,OK,0,"Directions adults and children 6 years and over one 10 mg capsule once daily; do not take more than one 10 mg capsule in 24 hours. A 5 mg product may be appropriate for less severe symptoms. adults 65 years and over ask a doctor children under 6 years of age ask a doctor consumers with liver or kidney disease ask a doctor

Other information store at 20º-25ºC (68º-77ºF) avoid high humidity and excessive heat above 40ºC (104ºF) protect from light

Inactive ingredients gelatin, glycerin, mannitol, pharmaceutical ink, polyethylene glycol, purified water, sodium hydroxide, sorbitan, sorbitol

Questions or comments? call toll free 1-888-235-2466 (Mon - Fri 9AM - 5PM EST)

Principal Display Panel-40s count Walgreens Compare to the active ingredient in zyrtec ®ⱡⱡ Allergy Relief 24 HOUR RELIEF CETIRIZINE HYDROCHLORIDE CAPSULES, 10 MG/ ANTIHISTAMINE 24 HOUR Indoor & Outdoor Allergies Dye-Free 24 Hour relief of Sneezing; Runny Nose Itchy, Watery Eyes & Itchy Throat or Nose 40SOFTGELS** (**Liquid-filled capsules) 10 mg each image001","Warnings Do not use if you have ever had an allergic reaction to this product or any of its ingredients or to an antihistamine containing hydroxyzine. Ask a doctor before use if you have liver or kidney disease. Your doctor should determine if you need a different dose. Ask a doctor or pharmacist before use if you are taking tranquilizers or sedatives. When using this product drowsiness may occur alcohol, sedatives, and tranquilizers may increase drowsiness avoid alcoholic drinks be careful when driving a motor vehicle or operating machinery in rare cases, you may experience itching after stopping cetirizine. Consult your healthcare provider if this happens. Stop use and ask a doctor if an allergic reaction to this product occurs. Seek medical help right away. If pregnant or breast-feeding: if breast-feeding: not recommended if pregnant: ask a health professional before use Keep out of reach of children. In case of overdose, get medical help or contact a Poison Control Center right away.",,
loratadine,GOOD SENSE ALLERGY RELIEF (LORATADINE) TABLET [L. PERRIGO COMPANY],80e8a6e8-0c5f-4065-9545-112e146d25ee,OK,0,"Directions adults and children 6 years and over 1 tablet daily; not more than 1 tablet in 24 hours children under 6 years of age ask a doctor consumers with liver or kidney disease ask a doctor

Other information • do not use if printed foil under cap is broken or missing • store between 20° to 25°C (68° to 77°F)

Inactive ingredients lactose monohydrate, magnesium stearate, povidone, pregelatinized starch

Questions or comments? 1-800-719-9260

Principal Display Panel GOODSENSE ® Non-Drowsy* *When taken as directed. See Drug Facts Panel. Original Prescription Strength Allergy Relief Actual Size Loratadine Tablets, 10 mg/Antihistamine Indoor & Outdoor Allergies 24 Hour Relief of: • Sneezing • Runny Nose • Itchy, Watery Eyes • Itchy Throat or Nose 100 Tablets Compare to active ingredient of Claritin ® Tablets allergy-relief","Warnings Do not use if you have ever had an allergic reaction to this product or any of its ingredients Ask a doctor before use if you have liver or kidney disease. Your doctor should determine if you need a different dose. When using this product do not take more than directed. Taking more than directed may cause drowsiness. Stop use and ask a doctor if an allergic reaction to this product occurs. Seek medical help right away. If pregnant or breast-feeding, ask a health professional before use. Keep out of reach of children. In case of overdose, get medical help or contact a Poison Control Center right away. (1-800-222-1222)",,
fexofenadine,"FEXOFENADINE HYDROCHLORIDE AND PSEUDOEPHEDRINE HYDROCHLORIDE TABLET, FILM COATED, EXTENDED RELEASE [AUROHEALTH LLC]",4726af84-83c1-456d-995c-f6a8d1583f8b,OK,0,"Directions do not divide, crush, chew or dissolve the tablet; swallow tablet whole adults and children 12 years of age and over take 1 tablet with a glass of water every 12 hours on an empty stomach; do not take more than 2 tablets in 24 hours children under 12 years of age do not use adults 65 years of age and older ask a doctor consumers with kidney disease ask a doctor Other information safety sealed: do not use if carton is opened or if individual blister units are torn or opened. store at 20-25°C (68-77°F). Meets USP dissolution test 7

Inactive ingredients colloidal silicon dioxide, croscarmellose sodium, ferric oxide yellow, hydroxypropyl cellulose, hypromellose, lactose monohydrate, microcrystalline cellulose, polyethylene glycol, pregelatinized starch (maize), stearic acid Questions or Comments? call 1-855-274-4122 IMPORTANT: Read the directions and warnings before use. Keep the carton, it contains important information. Manufactured for: AUROHEALTH LLC 2572 Brunswick Pike Lawrenceville, NJ 08648 Made in India Code: TS/DRUGS/22/2009

PACKAGE LABEL-PRINCIPAL DISPLAY PANEL - 1 x 10 Blister Carton AUROHEALTH NDC 58602-807-83 * Compare to the active ingredients in Allegra-D ® 12 Hour Allergy & Congestion Tablets Allergy & Congestion Fexofenadine HCl and Pseudoephedrine HCl Extended-Release Tablets USP 60 mg / 120 mg Fexofenadine HCl 60 mg / antihistamine Pseudoephedrine HCl 120 mg / nasal decongestion 12 HOUR Non-Drowsy Indoor / Outdoor Relief Of Nasal and Sinus Congestion Due to Colds or Allergies Sneezing; Runny Nose; Itchy, Watery Eyes and Itchy Nose or Throat Due to Allergies 10 Extended Release Tablets fexofenadine-fig1","Warnings Do not use if you have ever had an allergic reaction to this product or any of its ingredients if you are now taking a prescription monoamine oxidase inhibitor (MAOI) certain drugs for depression, psychiatric, or emotional conditions, or Parkinson’s disease), or for 2 weeks after stopping the MAOI drug. If you do not know if your prescription drug contains an MAOI, ask a doctor or pharmacist before taking this product. if you have difficulty swallowing",,
diphenhydramine,GOODMEDS ALLERGY RELIEF (DIPHENHYDRAMINE HYDROCHLORIDE) TABLET [CABINET HEALTH P.B.C.],37533188-8c91-428b-a796-c5afd9e4959f,OK,0,"Directions • take every 4 to 6 hours or as directed by a doctor • do not take more than 6 doses in 24 hours adults and children 12 years and over 1 to 2 tablets children 6 to under 12 years 1 tablet children under 6 years do not use

Other information do not use if imprinted safety seal under cap is broken or missing each tablet contains calcium 24 mg store between 20–25°C (68–77°F). protect from moisture and light

Inactive ingredients croscarmellose sodium, d&c red no 27 aluminum lake, dibasic calcium phosphate anhydrous, hypromellose, magnesium stearate, microcrystalline cellulose, polyethylene glycol 6000, polysorbate 80, talc, titanium dioxide

Questions or comments? contact 1-908-242-6108 Mon-Fri 8:00 AM to 5:00 PM EST","Warnings Do not use • to make a child sleepy • with any other product containing diphenhydramine, even one used on skin Ask a doctor before use if you have • a breathing problem such as emphysema or chronic bronchitis • glaucoma • trouble urinating due to an enlarged prostate gland Ask a doctor or pharmacist before use if you are • taking sedatives or tranquilizers When using this product • marked drowsiness may occur • avoid alcoholic drinks • alcohol, sedatives and tranquilizers may increase drowsiness • be careful when driving a motor vehicle or operating machinery • excitability may occur, especially in children If pregnant or breast-feeding, ask a health professional before use. Keep out of reach of children. In case of overdose, get medical help or contact a Poison Control Center right away. (1-800-222-1222)",,
dextromethorphan,"MUCINEX CHILDRENS MIGHTY CHEWS COUGH (DEXTROMETHORPHAN HYDROBROMIDE) TABLET, CHEWABLE [RECKITT BENCKISER LLC]",155e07b3-0a08-3be8-e063-6394a90a7635,OK,0,"Directions ■ take every 4 hours or as directed by a doctor ■ chew thoroughly before swallowing ■ do not swallow whole adults and children 12 years of age and over 2 chewable tablets every 4 hours, not to exceed 12 chewable tablets in any 24-hour period children 6 to under 12 years of age 1 chewable tablet every 4 hours, not to exceed 6 chewable tablets in any 24-hour period children under 6 years of age do not use",,,
guaifenesin,"EQUATE MUCUS RELIEF (GUAIFENESIN) TABLET, MULTILAYER, EXTENDED RELEASE [WALMART INC.]",154602ca-91c4-4030-ae77-9bf179cc95e8,OK,0,"Directions • do not crush, chew, or break extended-release tablet • take with a full glass of water • this product can be administered without regard for timing of meals • adults and children 12 years of age and over: 1 extended-release tablet every 12 hours. Do not exceed 2 extended-release tablets in 24 hours. • children under 12 years of age: do not use

Other information • store at 20-25°C (68-77°F)

Inactive ingredients carbomer homopolymer type B, copovidone, FD&C blue #1 aluminum lake, hypromellose, magnesium stearate, microcrystalline cellulose, silicon dioxide, sodium starch glycolate

Questions or comments? 1-888-287-1915

Package/Label Principal Display Panel equate™ Compare Maximum Strength Mucinex® active ingredient Mucus Relief Guaifenesin Extended-Release Tablets, 1200 mg Expectorant MAXIMUM STRENGTH • Relieves chest congestion • Thins and loosens mucus • Immediate and extended release 12 HOUR 1200 mg 14 EXTENDED-RELEASE TABLETS Actual Size 4s1-2e-mucus-relief.jpg","Warnings Do not use • for children under 12 years of age Ask a doctor before use if you have • persistent or chronic cough such as occurs with smoking, asthma, chronic bronchitis, or emphysema • cough accompanied by too much phlegm (mucus) Stop use and ask a doctor if • cough lasts more than 7 days, comes back, or occurs with fever, rash, or persistent headache. These could be signs of a serious illness. If pregnant or breast-feeding, Keep out of reach of children. In case of overdose, get medical help or contact a Poison Control Center right away (1-800-222-1222).",,
famotidine,"ACID RELIEF (FAMOTIDINE) TABLET, FILM COATED [RITE AID CORPORATION]",9826dd26-5592-4f96-9274-005ef9462cb4,OK,0,"Directions • adults and children 12 years and over: • to relieve symptoms, swallow 1 tablet with a glass of water. Do not chew. • to prevent symptoms, swallow 1 tablet with a glass of water at any time from 15 to 60 minutes before eating food or drinking beverages that cause heartburn • do not use more than 2 tablets in 24 hours • children under 12 years: ask a doctor

Other information • read the directions and warnings before use • keep the carton. It contains important information. • store at 20°-25°C (68°-77°F) • protect from moisture

Inactive ingredients carnauba wax, hypromellose, iron oxide red, iron oxide yellow, magnesium stearate, microcrystalline cellulose, polydextrose, polyethylene glycol, pregelatinized starch, talc, titanium dioxide, triacetin

Questions or comments? 1-800-719-9260

Principal Display Panel FREE FROM GLUTEN FREE SOY FREE Compare to the active ingredient in Pepcid ® AC Original Strength ORIGINAL STRENGTH ACID RELIEF Famotidine Tablets, 10 mg Acid Reducer Just one tablet prevents & relieves heartburn due to acid indigestion ACTUAL SIZE 180 TABLETS 2 BOTTLES – 90 TABLETS EACH acid-relief-carton-image-1 acid-relief-carton-image-2","Warnings Allergy alert: Do not use if you are allergic to famotidine or other acid reducers Do not use • if you have trouble or pain swallowing food, vomiting with blood, or bloody or black stools. These may be signs of a serious condition. See your doctor. • with other acid reducers Ask a doctor before use if you have • had heartburn over 3 months. This may be a sign of a more serious condition. • heartburn with lightheadedness, sweating, or dizziness • chest pain or shoulder pain with shortness of breath; sweating; pain spreading to arms, neck or shoulders; or lightheadedness • frequent chest pain • frequent wheezing, particularly with heartburn • unexplained weight loss • nausea or vomiting • stomach pain • kidney disease Ask a doctor or pharmacist before use if you are taking a prescription drug. Acid reducers may interact with certain prescription drugs. Stop use and ask a doctor if • your heartburn continues or worsens • you need to take this product for more than 14 days If pregnant or breast-feeding, ask a health professional before use. Keep out of reach of children. In case of overdose, get medical help or contact a Poison Control Center right away. (1-800-222-1222)",,
omeprazole,"OMEPRAZOLE CAPSULE, DELAYED RELEASE [SAFEWAY]",b3ec4a44-5643-4438-b41b-e04946436719,OK,0,"Directions • for adults 18 years of age and older • this product is to be used once a day (every 24 hours), every day for 14 days • it may take 1 to 4 days for full effect; some people get complete relief of symptoms within 24 hours 14-Day Course of Treatment • swallow 1 capsule with a glass of water before eating in the morning • take every day for 14 days • do not take more than 1 capsule a day • do not use for more than 14 days unless directed by your doctor • swallow whole. Do not chew or crush capsules. Repeated 14-Day Courses (if needed) • you may repeat a 14-day course every 4 months • do not take for more than 14 days or more often than every 4 months unless directed by a doctor • children under 18 years of age: ask a doctor. Heartburn in children may sometimes be caused by a serious condition.

Other information • read the directions and warnings before use • keep the carton. It contains important information. • store at 20-25°C (68-77°F) and protect from moisture • FDA approved dissolution test specifications differ from USP

Inactive ingredients FD&C yellow # 6, ferric oxide, gelatin, glyceryl monostearate, hypromellose, magnesium stearate, meglumine, methacrylic acid copolymer, polyethylene glycol, polysorbate 80, shellac, sodium lauryl sulfate, sugar spheres, talc, titanium dioxide, triethyl citrate

Questions or comments? 1-800-719-9260

Package/Label Principal Display Panel COMPARE TO Prilosec OTC ® active ingredient Signature SELECT™ OMEPRAZOLE DELAYED RELEASE CAPSULES, 20 MG ACID REDUCER | 24 HR LOVE IT OR IT’S ON US Treats FREQUENT Heartburn! Actual Size MINI CAPSULES 42 CAPSULES See current Drug Facts Three 14-day courses of treatment May take 1 to 4 days for full effect signature-select-omeprazole-carton-image-1.jpg signature-select-omeprazole-carton-image-2.jpg","Warnings Allergy alert: • do not use if you are allergic to omeprazole. • Omeprazole may cause severe skin reactions. Symptoms may include: • skin reddening • blisters • rash If an allergic reaction occurs, stop use and seek medical help right away. Do not use if you have: • trouble or pain swallowing food, vomiting with blood, or bloody or black stools • heartburn with lightheadedness, sweating or dizziness • chest pain or shoulder pain with shortness of breath; sweating; pain spreading to arms, neck or shoulders; or lightheadedness • frequent chest pain These may be signs of a serious condition. See your doctor. Ask a doctor before use if you have: • had heartburn over 3 months. This may be a sign of a more serious condition. • frequent wheezing, particularly with heartburn • unexplained weight loss • nausea or vomiting • stomach pain Ask a doctor or pharmacist before use if you are taking a prescription drug. Acid reducers may interact with certain prescription drugs. Stop use and ask a doctor if: • your heartburn continues or worsens • you need to take this product for more than 14 days • you need to take more than 1 course of treatment every 4 months • you get diarrhea • you develop a rash or joint pain If pregnant or breast-feeding, ask a health professional before use. Keep out of reach of children. In case of overdose, get medical help or contact a Poison Control Center right away (1-800-222-1222).",,
pantoprazole,"PANTOPRAZOLE SODIUM TABLET, DELAYED RELEASE [COUPLER LLC]",52bbab54-9f11-77bc-e063-6394a90ab449,OK,14,"2 DOSAGE AND ADMINISTRATION * Controlled studies did not extend beyond 12 months See full prescribing information for administration instructions Indication Dose Frequency Short-Term Treatment of Erosive Esophagitis Associated With GERD ( 2.1 ) Adults 40 mg Once Daily for up to 8 wks Children (5 years and older) ≥ 15 kg to < 40 kg 20 mg Once Daily for up to 8 wks ≥ 40 kg 40 mg Maintenance of Healing of Erosive Esophagitis ( 2.1 ) Adults 40 mg Once Daily* Pathological Hypersecretory Conditions Including Zollinger-Ellison Syndrome ( 2.1 ) Adults 40 mg Twice Daily 2.1 Recommended Dosing Schedule Pantoprazole sodium is supplied as delayed-release tablets. The recommended dosages are outlined in Table 1. Table 1: Recommended Dosing Schedule for Pantoprazole Sodium * For adult patients who have not healed after 8 weeks of treatment, an additional 8-week course of pantoprazole sodium may be considered. ** Dosage regimens should be adjusted to individual patient needs and should continue for as long as clinically indicated. Doses up to 240 mg daily have been administered. *** Controlled studies did not extend beyond 12 months Indication Dose Frequency Short-Term Treatment of Erosive Esophagitis Associated With GERD Adults 40 mg Once daily for up to 8 weeks* Children (5 years and older) ≥ 15 kg to < 40 kg 20 mg Once daily for up to 8 weeks ≥ 40 kg 40 mg Maintenance of Healing of Erosive Esophagitis Adults 40 mg Once daily*** Pathological Hypersecretory Conditions Including Zollinger-Ellison Syndrome Adults 40 mg Twice daily** 2.2 Administration Instructions Directions for method of administration of pantoprazole sodium is presented in Table 2. Table 2: Administration Instructions * Do not split, chew, or crush pantoprazole sodium delayed-release tablets. Formulation Route Instructions* Delayed-Release Tablets Oral Swallowed whole, with or without food Take a missed dose as soon as possible. If it is almost time for the next dose, skip the missed dose and take the next dose at the regular scheduled time. Do not take 2 doses at the same time. Swallow pantoprazole sodium delayed-release tablets whole, with or without food in the stomach. For patients unable to swallow a 40 mg tablet, two 20 mg tablets may be taken. Concomitant administration of antacids does not affect the absorption of pantoprazole sodium delayed-release tablets.

2.1 Recommended Dosing Schedule Pantoprazole sodium is supplied as delayed-release tablets. The recommended dosages are outlined in Table 1. Table 1: Recommended Dosing Schedule for Pantoprazole Sodium * For adult patients who have not healed after 8 weeks of treatment, an additional 8-week course of pantoprazole sodium may be considered. ** Dosage regimens should be adjusted to individual patient needs and should continue for as long as clinically indicated. Doses up to 240 mg daily have been administered. *** Controlled studies did not extend beyond 12 months Indication Dose Frequency Short-Term Treatment of Erosive Esophagitis Associated With GERD Adults 40 mg Once daily for up to 8 weeks* Children (5 years and older) ≥ 15 kg to < 40 kg 20 mg Once daily for up to 8 weeks ≥ 40 kg 40 mg Maintenance of Healing of Erosive Esophagitis Adults 40 mg Once daily*** Pathological Hypersecretory Conditions Including Zollinger-Ellison Syndrome Adults 40 mg Twice daily**

2.2 Administration Instructions Directions for method of administration of pantoprazole sodium is presented in Table 2. Table 2: Administration Instructions * Do not split, chew, or crush pantoprazole sodium delayed-release tablets. Formulation Route Instructions* Delayed-Release Tablets Oral Swallowed whole, with or without food Take a missed dose as soon as possible. If it is almost time for the next dose, skip the missed dose and take the next dose at the regular scheduled time. Do not take 2 doses at the same time. Swallow pantoprazole sodium delayed-release tablets whole, with or without food in the stomach. For patients unable to swallow a 40 mg tablet, two 20 mg tablets may be taken. Concomitant administration of antacids does not affect the absorption of pantoprazole sodium delayed-release tablets.

3 DOSAGE FORMS AND STRENGTHS 20 mg pantoprazole, yellow colored, oval shaped, biconvex, enteric-coated tablets imprinted with ‘I’ and ‘51’ with brown ink on one side and plain on other side. 40 mg pantoprazole, yellow colored, oval shaped, biconvex, enteric-coated tablets imprinted with ‘I’ and ‘52’ with brown ink on one side and plain on other side. Delayed-Release Tablets: 20 mg and 40 mg pantoprazole (3)","5 WARNINGS AND PRECAUTIONS Gastric Malignancy: In adults, symptomatic response does not preclude presence of gastric malignancy. Consider additional follow-up and diagnostic testing. ( 5.1 ) Acute Tubulointerstitial Nephritis : Discontinue treatment and evaluate patients. ( 5.2 ) Clostridium difficile- Associated Diarrhea : PPI therapy may be associated with increased risk of Clostridium difficile- associated diarrhea. ( 5.3 ) Bone Fracture: Long-term and multiple daily dose PPI therapy may be associated with an increased risk for osteoporosis-related fractures of the hip, wrist or spine. ( 5.4 ) Severe Cutaneous Adverse Reactions : Discontinue at the first signs or symptoms of severe cutaneous adverse reactions or other signs of hypersensitivity and consider further evaluation. ( 5.5 ) Cutaneous and Systemic Lupus Erythematosus : Mostly cutaneous; new onset or exacerbation of existing disease; discontinue pantoprazole sodium and refer to specialist for evaluation. ( 5.6 ) Cyanocobalamin (Vitamin B-12) Deficiency : Daily long-term use (e.g., longer than 3 years) may lead to malabsorption or a deficiency of cyanocobalamin. ( 5.7 ) Hypomagnesemia and Mineral Metabolism : Reported rarely with prolonged treatment with PPIs. ( 5.8 ) Fundic Gland Polyps: Risk increases with long-term use, especially beyond one year. Use the shortest duration of therapy. ( 5.10 ) 5.1 Presence of Gastric Malignancy In adults, symptomatic response to therapy with pantoprazole sodium does not preclude the presence of gastric malignancy. Consider additional follow-up and diagnostic testing in adult patients who have a suboptimal response or an early symptomatic relapse after completing treatment with a PPI. In older patients, also consider an endoscopy. 5.2 Acute Tubulointerstitial Nephritis Acute tubulointerstitial nephritis (TIN) has been observed in patients taking PPIs and may occur at any point during PPI therapy. Patients may present with varying signs and symptoms from symptomatic hyper","5.5 Severe Cutaneous Adverse Reactions Severe cutaneous adverse reactions, including erythema multiforme, Stevens-Johnson syndrome (SJS), toxic epidermal necrolysis (TEN), drug reaction with eosinophilia and systemic symptoms (DRESS), and acute generalized exanthematous pustulosis (AGEP) have been reported in association with the use of PPIs [see Adverse Reactions (6.2) ] . Discontinue pantoprazole sodium at the first signs or symptoms of severe cutaneous adverse reactions or other signs of hypersensitivity and consider further evaluation.",
ondansetron,"ONDANSETRON INJECTION, SOLUTION [HOSPIRA, INC.]",6a11f61b-2318-4382-2b91-4366e4bb53fa,OK,5,"2 DOSAGE AND ADMINISTRATION Prevention of Nausea and Vomiting Associated With Initial and Repeat Courses of Emetogenic Cancer Chemotherapy ( 2.1 ): • Dilution of Ondansetron Injection in 50 mL of 5% Dextrose Injection or 0.9% Sodium Chloride Injection is required before administration to adult and pediatric patients. • Adults and pediatric patients 6 months of age and older: The recommended dosage is 0.15 mg/kg per dose for 3 doses (maximum of 16 mg per dose), infused intravenously over 15 minutes. • Administer the first dose 30 minutes before the start of chemotherapy and subsequent doses 4 and 8 hours after the first dose. Prevention of Postoperative Nausea and/or Vomiting ( 2.2 ): • Dilution of Ondansetron Injection is not required before administration to adult and pediatric patients. • See full prescribing information for the recommended dosage and administration instructions for adult and pediatric patients 1 month of age and older. Patients With Severe Hepatic Impairment ( 2.3 ): • Do not exceed a total daily dose of 8 mg. 2.1 Prevention of Nausea and Vomiting Associated With Initial and Repeat Courses of Emetogenic Chemotherapy Important Preparation Instructions • Dilution of Ondansetron Injection in 50 mL of 5% Dextrose Injection or 0.9% Sodium Chloride Injection is required before administration to adult and pediatric patients for the prevention of nausea and vomiting associated with emetogenic chemotherapy. For pediatric patients between 6 months and 1 year of age and/or 10 kg or less: Depending on the fluid needs of the patient, Ondansetron Injection may be diluted in 10 to 50 mL of 5% Dextrose Injection or 0.9% Sodium Chloride Injection. • Occasionally, ondansetron precipitates at the stopper/vial interface in vials stored upright. Potency and safety are not affected. If a precipitate is observed, resolubilize by shaking the vial vigorously. • Do not mix Ondansetron Injection with solutions for which physical and chemical compatibility has not been established. In particular, this applies to alkaline solutions as a precipitate may form. • Inspect the diluted Ondansetron Injection solution for particulate matter and discoloration before administration; discard if present. • Storage : After dilution, do not use beyond 24 hours. Although Ondansetron Injection is chemically and physically stable when diluted as recommended, sterile precautions should be observed because diluents generally do not contain preservative. • Compatibility : Ondansetron Injection is compatible and stable at room temperature under normal lighting conditions for 48 hours after dilution with the following intravenous fluids: 0.9% Sodium Chloride Injection, 5% Dextrose Injection, 5% Dextrose and 0.9% Sodium Chloride Injection, 5% Dextrose and 0.45% Sodium Chloride Injection, and 3% Sodium Chloride Injection. Dosage and Administration The recommended dosage for adult and pediatric patients 6 months of age and older for prevention of nausea and vomiting associated with emetogenic chemotherapy is 0.15 mg/kg per dose for 3 doses (maximum of 16 mg per dose). Caution : Dilution of Ondansetron Injection is required in adult and pediatric patients prior to administration. Infuse intravenously over 15 minutes beginning 30 minutes before the start of emetogenic chemotherapy and then repeat 4 and 8 hours after the first dose. 2.2 Prevention of Postoperative Nausea and/or Vomiting Important Preparation Instructions • Dilution of Ondansetron Injection is not required before administration to adult and pediatric patients. • Inspect Ondansetron Injection visually for particulate matter and discoloration before administration; discard if present. Dosage and Administration The recommended dose and administration instructions for adult and pediatric patients 1 month of age and older for prevention of postoperative nausea and vomiting are shown in Table 1. Table 1. Recommended Dose and Administration of Ondansetron Injection for Prevention of Postoperative Nausea and/or Vomiting Population Recommended Single-Dose Administration Instructions Timing of Administration Adults and pediatric patients older than 12 years of age 4 mg Few patients above 80 kg have been studied. May be administered intravenously or intramuscularly: • Intravenously: infuse undiluted syringe contents (4 mg) over at least 30 seconds and preferably longer (over 2 to 5 minutes). • Intramuscularly: inject undiluted syringe contents (4 mg) Administer immediately before induction of anesthesia, or postoperatively if the patient did not receive prophylactic antiemetics and experiences nausea and/or vomiting occurring within 2 hours after surgery Administration of a second intravenous dose of 4 mg ondansetron postoperatively in adult patients who received a 4 mg prophylactic dose does not provide additional control of nausea and vomiting [see Clinical Studies (14.3) ]. , For pediatric patients (1 month to 12 years) prevention of nausea and vomiting was only studied in patients who","5 WARNINGS AND PRECAUTIONS • Hypersensitivity Reactions : Hypersensitivity reactions, including anaphylaxis and bronchospasm have been reported in patients who have exhibited hypersensitivity to other selective 5-HT 3 receptor antagonists. ( 5.1 ) • QT Prolongation and Torsade de Pointes : QT prolongation occurs in a dose-dependent manner. Cases of Torsade de Pointes have been reported. Avoid ondansetron in patients with congenital long QT syndrome. ( 5.2 ) • Serotonin Syndrome : Serotonin syndrome has been reported with 5-HT 3 receptor agonists alone but particularly with concomitant use of serotonergic drugs. ( 5.3 ) • Myocardial Ischemia : Do not exceed the recommended infusion rate and monitor patients during and after administration. ( 2.1 , 2.2 , 5.4 ) • Masking of Progressive Ileus and/or Gastric Distension Following Abdominal Surgery or Chemotherapy-Induced Nausea and Vomiting: Monitor for decreased bowel activity, particularly in patients with risk factors for gastrointestinal obstruction. ( 5.5 ) 5.1 Hypersensitivity Reactions Hypersensitivity reactions, including anaphylaxis and bronchospasm, have been reported in patients who have exhibited hypersensitivity to other selective 5-HT 3 receptor antagonists. 5.2 QT Prolongation Ondansetron prolongs the QT interval in a dose-dependent manner [see Clinical Pharmacology (12.2) ] . In addition, postmarketing cases of Torsade de Pointes have been reported in patients using ondansetron. Avoid ondansetron in patients with congenital long QT syndrome. Electrocardiogram (ECG) monitoring is recommended in patients with electrolyte abnormalities (e.g., hypokalemia or hypomagnesemia), congestive heart failure, bradyarrhythmias, or patients taking other medicinal products that lead to QT prolongation. 5.3 Serotonin Syndrome The development of serotonin syndrome has been reported with 5-HT 3 receptor antagonists. Most reports have been associated with concomitant use of serotonergic drugs (e.g., selective serotonin reupta","6 ADVERSE REACTIONS The following clinically significant adverse reactions are described elsewhere in the labeling: • Hypersensitivity Reactions [see Warnings and Precautions (5.1) ] • QT Prolongation [see Warnings and Precautions (5.2) ] • Serotonin Syndrome [see Warnings and Precautions (5.3) ] • Myocardial Ischemia [see Warnings and Precautions (5.4) ] • Masking of Progressive Ileus and Gastric Distension [see Warnings and Precautions (5.5) ] Chemotherapy-Induced Nausea and Vomiting: • The most common adverse reactions (≥ 7%) in adults are diarrhea, headache, and fever. ( 6.1 ) Postoperative Nausea and/or Vomiting: • The most common adverse reaction (≥ 10%) which occurs at a higher frequency compared with placebo in adults is headache. ( 6.1 ) • The most common adverse reaction (≥ 2%) which occurs at a higher frequency compared with placebo in pediatric patients aged 1 to 24 months is diarrhea. ( 6.1 ) To report SUSPECTED ADVERSE REACTIONS, contact Pfizer Inc. at 1-800-438-1985 or FDA at 1-800-FDA-1088 or www.fda.gov/medwatch . 6.1 Clinical Trials Experience Because clinical trials are conducted under widely varying conditions, adverse reaction rates observed in the clinical trials of a drug cannot be directly compared with rates in the clinical trials of another drug and may not reflect the rates observed in clinical practice. The following adverse reactions have been reported in clinical trials of adult patients treated with ondansetron, the active ingredient of intravenous ondansetron across a range of dosages. A causal relationship to therapy with ondansetron was unclear in many cases. Chemotherapy-Induced Nausea and Vomiting Table 2. Adverse Reactions Reported in > 5% of Adult Patients Who Received Ondansetron at a Dosage of Three 0.15 mg/kg Doses Number of Adult Patients With Reaction Adverse Reaction Ondansetron Injection 0.15 mg/kg × 3 (n = 419) Metoclopramide (n = 156) Placebo (n = 34) Diarrhea 16% 44% 18% Headache 17% 7% 15% Fever 8% 5% 3% Cardiovascula",
loperamide,"GOOD SENSE ANTI DIARRHEAL ANTI GAS (LOPERAMIDE HYDROCHLORIDE, SIMETHICONE) TABLET [L. PERRIGO COMPANY]",2cda08a8-3f5e-430c-84a3-d29b97d647af,OK,0,"Directions • drink plenty of clear fluids to help prevent dehydration caused by diarrhea • take only on an empty stomach (1 hour before or 2 hours after a meal) • take with a full (8 oz.) glass of water • find right dose on chart below. If possible, use weight to dose; otherwise, use age. adults and children 12 years and over 2 caplets after the first loose stool; 1 caplet after each subsequent loose stool; but no more than 4 caplets in 24 hours children 9-11 years (60-95 lbs) 1 caplet after the first loose stool; ½ caplet after each subsequent loose stool; but no more than 3 caplets in 24 hours children 6-8 years (48-59 lbs) 1 caplet after the first loose stool; ½ caplet after each subsequent loose stool; but no more than 2 caplets in 24 hours children 2-5 years (34 to 47 lbs) ask a doctor children under 2 years (up to 33 lbs) do not use

Other information • each caplet contains: calcium 165 mg, sodium 3 mg • store between 20 ° -25 ° C (68 ° -77 ° F). Protect from light. • do not use if printed blister unit is broken or torn

Inactive ingredients acesulfame potassium, croscarmellose sodium, dibasic calcium phosphate, maltodextrin, microcrystalline cellulose, natural and artificial flavor, propylene glycol, stearic acid

Questions or comments? 1-800-719-9260

Package/Label Principal Display Panel GOODSENSE ® Multi-Symptom Relief Caplet Loperamide Hydrochloride and Simethicone Tablets, 2 mg/125 mg Anti-Diarrheal/Anti-Gas Actual Size Relieves symptoms of diarrhea plus • Cramps & Pressure • Bloating • Gas Compare to active ingredients of Imodium ® Multi-Symptom Relief 100% SATISFACTION GUARANTEED 24 Caplets* *Capsule-Shaped Tablets goodsense-anti-diarrheal-anti-gas-carton-image.jpg","Warnings Allergy alert: Do not use if you have ever had a rash or other allergic reaction to loperamide HCl Heart alert: Taking more than directed can cause serious heart problems or death Do not use • if you have bloody or black stool • if you have difficulty swallowing Ask a doctor before use if you have • fever • mucus in the stool • a history of liver disease • a history of abnormal heart rhythm Ask a doctor or pharmacist before use if you are taking a prescription drug. Loperamide may interact with certain prescription drugs. When using this product tiredness, drowsiness or dizziness may occur. Be careful when driving or operating machinery. Stop use and ask a doctor if • symptoms get worse • diarrhea lasts for more than 2 days • you get abdominal swelling or bulging. These may be signs of a serious condition. • you have difficulty swallowing the caplet If pregnant or breast-feeding, ask a health professional before use. Keep out of reach of children. In case of overdose, get medical help or contact a Poison Control Center right away. (1-800-222-1222)",,
prednisone,PREDNISONE TABLET [QPHARMA INC],f795ea1d-f41a-6100-e053-6394a90a63a4,OK,0,"DOSAGE AND ADMINISTRATION The initial dosage of prednisone may vary from 5 mg to 60 mg per day, depending on the specific disease entity being treated. In situations of less severity lower doses will generally suffice, while in selected patients higher initial doses may be required. The initial dosage should be maintained or adjusted until a satisfactory response is noted. If after a reasonable period of time there is a lack of satisfactory clinical response, prednisone should be discontinued and the patient transferred to other appropriate therapy . IT SHOULD BE EMPHASIZED THAT DOSAGE REQUIREMENTS ARE VARIABLE AND MUST BE INDIVIDUALIZED ON THE BASIS OF THE DISEASE UNDER TREATMENT AND THE RESPONSE OF THE PATIENT. After a favorable response is noted, the proper maintenance dosage should be determined by decreasing the initial drug dosage in small decrements at appropriate time intervals until the lowest dosage which will maintain an adequate clinical response is reached. It should be kept in mind that constant monitoring is needed in regard to drug dosage. Included in the situations which may make dosage adjustments necessary are changes in clinical status secondary to remissions or exacerbations in the disease process, the patient's individual drug responsiveness, and the effect of patient exposure to stressful situations not directly related to the disease entity under treatment; in this latter situation, it may be necessary to increase the dosage of prednisone for a period of time consistent with the patient's condition. If after long-term therapy the drug is to be stopped, it recommended that it be withdrawn gradually rather than abruptly. Multiple Sclerosis In the treatment of acute exacerbations of multiple sclerosis daily doses of 200 mg of prednisolone for a week followed by 80 mg every other day for 1 month have been shown to be effective. (Dosage range is the same for prednisone and prednisolone.) Alternate Day Therapy Alternate day therapy is a corticosteroid dosing regimen in which twice the usual daily dose of corticoid is administered every other morning. The purpose of this mode of therapy is to provide the patient requiring long-term pharmacologic dose treatment with the beneficial effects of corticoids while minimizing certain undesirable effects, including pituitary-adrenal suppression, the cushingoid state, corticoid withdrawal symptoms, and growth suppression in children. The rationale for this treatment schedule is based on two major premises: (a) the anti-inflammatory or therapeutic effect of corticoids persists longer than their physical presence and metabolic effects and (b) administration of the corticosteroid every other morning allows for re-establishment of more nearly normal hypothalamic-pituitary-adrenal (HPA) activity on the off-steroid day. A brief review of the HPA physiology may be helpful in understanding this rationale. Acting primarily through the hypothalamus a fall in free cortisol stimulates the pituitary gland to produce increasing amounts of corticotropin (ACTH) while a rise in free cortisol inhibits ACTH secretion. Normally the HPA system is characterized by diurnal (circadian) rhythm. Serum levels of ACTH rise from a low point about 10 pm to a peak level about 6 am. Increasing levels of ACTH stimulate adrenocortical activity resulting in a rise in plasma cortisol with maximal levels occurring between 2 am and 8 am. This rise in cortisol dampens ACTH production and in turn adrenocortical activity. There is a gradual fall in plasma corticoids during the day with lowest levels occurring about midnight. The diurnal rhythm of the HPA axis is lost in Cushing's disease, a syndrome of adrenocortical hyperfunction characterized by obesity with centripetal fat distribution, thinning of the skin with easy bruisability, muscle wasting with weakness, hypertension, latent diabetes, osteoporosis, electrolyte imbalance, etc. The same clinical findings of hyperadrenocorticism may be noted during long-term pharmacologic dose corticoid therapy administered in conventional daily divided doses. It would appear, then, that a disturbance in the diurnal cycle with maintenance of elevated corticoid values during the night may play a significant role in the development of undesirable corticoid effects. Escape from these constantly elevated plasma levels for even short periods of time may be instrumental in protecting against undesirable pharmacologic effects. During conventional pharmacologic dose corticosteroid therapy, ACTH production is inhibited with subsequent suppression of cortisol production by the adrenal cortex. Recovery time for normal HPA activity is variable depending upon the dose and duration of treatment. During this time the patient is vulnerable to any stressful situation. Although it has been shown that there is considerably less adrenal suppression following a single morning dose of prednisolone (10 mg) as opposed to a quarter of that dose administered every 6 hours, the","WARNINGS In patients on corticosteroid therapy subjected to unusual stress, increased dosage of rapidly acting corticosteroids before, during and after the stressful situation is indicated. Immunosuppression and Increased Risk of Infection Corticosteroids, including prednisone tablets, suppress the immune system and increase the risk of infection with any pathogen, including viral, bacterial, fungal, protozoan, or helminthic pathogens. Corticosteroids can: Reduce resistance to new infections Exacerbate existing infections Increase the risk of disseminated infections Increase the risk of reactivation or exacerbation of latent infections Mask some signs of infection Corticosteroid-associated infections can be mild but can be severe and at times fatal. The rate of infectious complications increases with increasing corticosteroid dosages. Monitor for the development of infection and consider prednisone tablets withdrawal or dosage reduction as needed. Tuberculosis If prednisone tablets is used to treat a condition in patients with latent tuberculosis or tuberculin reactivity, reactivation of tuberculosis may occur. Closely monitor such patients for reactivation. During prolonged prednisone tablets therapy, patients with latent tuberculosis or tuberculin reactivity should receive chemoprophylaxis. Varicella Zoster and Measles Viral Infections Varicella and measles can have a serious or even fatal course in non-immune patients taking corticosteroids, including prednisone tablets. In corticosteroid-treated patients who have not had these diseases or are non-immune, particular care should be taken to avoid exposure to varicella and measles: If a prednisone tablets-treated patient is exposed to varicella, prophylaxis with varicella zoster immune globulin may be indicated. If varicella develops, treatment with antiviral agents may be considered. If a prednisone tablets-treated patient is exposed to measles, prophylaxis with immunoglobulin may be indicated. Hepatitis B Virus R","ADVERSE REACTIONS Fluid and Electrolyte Disturbances Sodium retention Fluid retention Congestive heart failure in susceptible patients Potassium loss Hypokalemic alkalosis Hypertension Musculoskeletal Muscle weakness Steroid myopathy Loss of muscle mass Osteoporosis Vertebral compression fractures Aseptic necrosis of femoral and humeral heads Pathologic fracture of long bones Gastrointestinal Peptic ulcer with possible perforation and hemorrhage Pancreatitis Abdominal distention Ulcerative esophagitis Dermatologic Impaired wound healing Thin fragile skin Petechiae and ecchymoses Facial erythema Increased sweating May suppress reactions to skin tests Metabolic Negative nitrogen balance due to protein catabolism Neurological Increased intracranial pressure with papilledema (pseudo-tumor cerebri) usually after treatment Convulsions Vertigo Headache Endocrine Menstrual irregularities Development of Cushingoid state Secondary adrenocortical and pituitary unresponsiveness, particularly in times of stress, as in trauma, surgery or illness Suppression of growth in children Decreased carbohydrate tolerance Manifestations of latent diabetes mellitus Increased requirements for insulin or oral hypoglycemic agents in diabetics Ophthalmic Posterior subcapsular cataracts Increased intraocular pressure Glaucoma Exophthalmos Additional Reactions Urticaria and other allergic, anaphylactic or hypersensitivity reactions To report SUSPECTED ADVERSE REACTIONS, contact Strides Pharma Inc. at 1-877-244-9825 or FDA at 1-800-FDA-1088 or www.fda.gov/medwatch",
prednisolone,PREDNISOLONE ACETATE SUSPENSION/ DROPS [SPORTPHARM LLC],02fc6f0b-d053-49e1-82de-f272dd05d529,OK,0,"OVERDOSAGE Overdosage will not ordinarily cause acute problems. If accidentally ingested, drink fluids to dilute.

DOSAGE AND ADMINISTRATION Shake well before using. Instill one to two drops into the conjunctival sac two to four times daily. During the initial 24 to 48 hours, the dosing frequency may be increased if necessary. Care should be taken not to discontinue therapy prematurely. If signs and symptoms fail to improve after 2 days, the patient should be re-evaluated (see PRECAUTIONS ).","WARNINGS Prolonged use of corticosteroids may result in posterior subcapsular cataract formation and may increase intraocular pressure in susceptible individuals, resulting in glaucoma with damage to the optic nerve, defects in visual acuity and fields of vision. Prolonged use may also suppress the host immune response and thus increase the hazard of secondary ocular infections. If this product is used for 10 days or longer, intraocular pressure should be routinely monitored even though it may be difficult in children and uncooperative patients. Steroids should be used with caution in the presence of glaucoma. Intraocular pressure should be checked frequently. Various ocular diseases and long-term use of topical corticosteroids have been known to cause corneal and scleral thinning. Use of topical corticosteroids in the presence of thin corneal or scleral tissue may lead to perforation. Acute purulent infections of the eye may be masked or activity enhanced by the presence of corticosteroid medication. The use of steroids after cataract surgery may delay healing and increase the incidence of bleb formation. Use of ocular steroids may prolong the course and may exacerbate the severity of many viral infections of the eye (including herpes simplex). Employment of a corticosteroid medication in the treatment of patients with a history of herpes simplex requires great caution; frequent slit lamp microscopy is recommended. Prednisolone acetate ophthalmic suspension 1% contains sodium bisulfite, a sulfite that may cause allergic-type reactions, including anaphylactic symptoms and life-threatening or less severe asthmatic episodes in certain susceptible people. The overall prevalence of sulfite sensitivity in the general population is unknown and probably low. Sulfite sensitivity is seen more frequently in asthmatic than in non-asthmatic people.","ADVERSE REACTIONS The following adverse reactions have been identified during use of prednisolone acetate ophthalmic suspension 1%. Because reactions are reported voluntarily from a population of uncertain size, it is not always possible to reliably estimate their frequency or establish a causal relationship to drug exposure. Adverse reactions include elevation of intraocular pressure (IOP) with possible development of glaucoma and infrequent optic nerve damage, posterior subcapsular cataract formation, and delayed wound healing. The development of secondary ocular infection (bacterial, fungal, and viral) has occurred. Fungal and viral infections of the cornea are particularly prone to develop coincidentally with long-term applications of steroids. The possibility of fungal invasion should be considered in any persistent corneal ulceration where steroid treatment has been used (see PRECAUTIONS ). Other adverse reactions reported with the use of prednisolone acetate ophthalmic suspension include: allergic reactions; dysgeusia; eye pain; foreign body sensation; headache; pruritus; rash; transient burning and stinging upon instillation and other minor symptoms of ocular irritation; urticaria; and visual disturbance (blurry vision). Keratitis, conjunctivitis, corneal ulcers, mydriasis, conjunctival hyperemia, loss of accommodation and ptosis have occasionally been reported following local use of corticosteroids. Corticosteroid-containing preparations have also been reported to cause acute anterior uveitis and perforation of the globe.",
montelukast,MONTELUKAST TABLET [REDPHARM DRUG],52c650cf-3081-7b2c-e063-6394a90a797f,OK,0,"2 DOSAGE & ADMINISTRATION Administration (by indications): Asthma: Once daily in the evening for patients 15 years of age and older ( 2.1 ). Acute prevention of EIB: One tablet at least 2 hours before exercise for patients 15 years of age and older ( 2.2 ). Seasonal allergic rhinitis: Once daily for patients 15 years and older ( 2.3 ). Perennial allergic rhinitis: Once daily for patients 15 years and older ( 2.3 ). Dosage (by age): 15 years and older: one 10-mg tablet. Patients with both asthma and allergic rhinitis should take only one dose daily in the evening ( 2.4 ). 2.1 Asthma For asthma, administer montelukast sodium orally once daily in the evening, with or without food. There have been no clinical trials in patients with asthma to evaluate the relative efficacy of morning versus evening dosing. The following doses are recommended: Table 1: Recommended Dosage in Asthma Age Dose Adult and adolescent patients 15 years of age and older one 10 mg tablet Patients who miss a dose should take the next dose at their regular time and should not take 2 doses at the same time. 2.2 Exercise-Induced Bronchoconstriction (EIB) For prevention of EIB, administer a single dose of montelukast sodium orally at least 2 hours, before exercise. The following doses are recommended: Table 2: Recommended Dosage in Exercise-Induced Bronchoconstriction (EIB) Age Dose Adult and adolescent patients 15 years of age and older one 10 mg tablet An additional dose of montelukast sodium should not be taken within 24 hours of a previous dose. Patients already taking montelukast sodium daily for another indication (including chronic asthma) should not take an additional dose to prevent EIB. All patients should have available for rescue a short-acting β-agonist. Daily administration of montelukast sodium for the chronic treatment of asthma has not been established to prevent acute episodes of EIB. 2.3 Allergic Rhinitis For allergic rhinitis, administer montelukast sodium orally once daily without regard to time of food ingestion. Time of administration in patients with allergic rhinitis can be individualized to suit patient needs. The following doses for the treatment of symptoms of seasonal allergic rhinitis are recommended: Table 3: Recommended Dosage in Seasonal Allergic Rhinitis Age Dose Adult and adolescent patients 15 years of age and older one 10 mg tablet The following doses for the treatment of symptoms of perennial allergic rhinitis are recommended: Table 4: Recommended Dosage in Perennial Allergic Rhinitis Age Dose Adult and adolescent patients 15 years of age and older one 10 mg tablet Patients who miss a dose should take the next dose at their regular time and should not take 2 doses at the same time. 2.4 Asthma and Allergic Rhinitis For patients with both asthma and allergic rhinitis, administer only one montelukast sodium dose orally once daily in the evening. Patients who miss a dose should take the next dose at their regular time and should not take 2 doses at the same time.

2.1 Asthma For asthma, administer montelukast sodium orally once daily in the evening, with or without food. There have been no clinical trials in patients with asthma to evaluate the relative efficacy of morning versus evening dosing. The following doses are recommended: Table 1: Recommended Dosage in Asthma Age Dose Adult and adolescent patients 15 years of age and older one 10 mg tablet Patients who miss a dose should take the next dose at their regular time and should not take 2 doses at the same time.

2.2 Exercise-Induced Bronchoconstriction (EIB) For prevention of EIB, administer a single dose of montelukast sodium orally at least 2 hours, before exercise. The following doses are recommended: Table 2: Recommended Dosage in Exercise-Induced Bronchoconstriction (EIB) Age Dose Adult and adolescent patients 15 years of age and older one 10 mg tablet An additional dose of montelukast sodium should not be taken within 24 hours of a previous dose. Patients already taking montelukast sodium daily for another indication (including chronic asthma) should not take an additional dose to prevent EIB. All patients should have available for rescue a short-acting β-agonist. Daily administration of montelukast sodium for the chronic treatment of asthma has not been established to prevent acute episodes of EIB.

2.3 Allergic Rhinitis For allergic rhinitis, administer montelukast sodium orally once daily without regard to time of food ingestion. Time of administration in patients with allergic rhinitis can be individualized to suit patient needs. The following doses for the treatment of symptoms of seasonal allergic rhinitis are recommended: Table 3: Recommended Dosage in Seasonal Allergic Rhinitis Age Dose Adult and adolescent patients 15 years of age and older one 10 mg tablet The following doses for the treatment of symptoms of perennial allergic rhinitis are recommended: Table 4: Recommended Dosage in Perennial Allergic Rhinitis Age Dose Adult and adolescent","5 WARNINGS AND PRECAUTIONS Do not prescribe montelukast sodium to treat an acute asthma attack ( 5.2 ). Advise patients to have appropriate rescue medication available ( 5.2 ). Inhaled corticosteroid may be reduced gradually. Do not abruptly substitute montelukast sodium for inhaled or oral corticosteroids ( 5.3 ). Patients with known aspirin sensitivity should continue to avoid aspirin or non-steroidal anti-inflammatory agents while taking montelukast sodium ( 5.4 ). Systemic eosinophilia, sometimes presenting with clinical features of vasculitis consistent with Churg-Strauss syndrome, has been reported. These events have been sometimes associated with the reduction of oral corticosteroid therapy ( 5.5 and 6.2 ). 5.1 Neuropsychiatric Events Serious neuropsychiatric (NP) events have been reported with use of montelukast sodium. These postmarketing reports have been highly variable and included, but were not limited to, agitation, aggressive behavior or hostility, anxiousness, depression, disorientation, disturbance in attention, dream abnormalities, dysphemia (stuttering), hallucinations, insomnia, irritability, memory impairment, obsessive-compulsive symptoms, restlessness, somnambulism, suicidal thoughts and behavior (including suicide), tic, and tremor. NP events have been reported in adult, adolescent, and pediatric patients with and without a previous history of psychiatric disorder. NP events have been reported mostly during montelukast sodium treatment, but some were reported after montelukast sodium discontinuation. Animal studies showed that montelukast distributes into the brain in rats [ see Clinical Pharmacology ( 12.3 ) ]; however, the mechanisms underlying montelukast sodium-associated NP events are currently not well understood. Based upon the available data, it is difficult to identify risk factors for or quantify the risk of NP events with montelukast sodium use. Because of the risk of NP events, the benefits of montelukast sodium may not outweigh t","6 ADVERSE REACTIONS The following clinically significant adverse reactions are described elsewhere in the labeling: Neuropsychiatric Events [see Warnings and Precautions ( 5.1 )] Most common adverse reactions (incidence ≥ 5% and greater than placebo listed in descending order of frequency): upper respiratory infection, fever, headache, pharyngitis, cough, abdominal pain, diarrhea, otitis media, influenza, rhinorrhea, sinusitis, otitis ( 6.1 ). To report SUSPECTED ADVERSE REACTIONS, contact Macleods Pharma USA, Inc., at 1-888-943-3210 or 1-855-926-3384 or FDA at 1-800-FDA-1088 or www.fda.gov/medwatch . 6.1 Clinical Trials Experience Because clinical trials are conducted under widely varying conditions, adverse reaction rates observed in the clinical trials of a drug cannot be directly compared to rates in the clinical trials of another drug and may not reflect the rates observed in clinical practice. In the following description of clinical trials experience, adverse reactions are listed regardless of causality assessment. The most common adverse reactions (incidence ≥5% and greater than placebo; listed in descending order of frequency) in controlled clinical trials were: upper respiratory infection, fever, headache, pharyngitis, cough, abdominal pain, diarrhea, otitis media, influenza, rhinorrhea, sinusitis, otitis. Adults and Adolescents 15 Years of Age and Older with Asthma Montelukast sodium has been evaluated for safety in approximately 2950 adult and adolescent patients 15 years of age and older in clinical trials. In placebo-controlled clinical trials, the following adverse reactions reported with montelukast occurred in greater than or equal to 1% of patients and at an incidence greater than that in patients treated with placebo: Table 5: Adverse Reactions Occurring in ≥1% of Patients with an Incidence Greater than that in Patients Treated with Placebo Montelukast 10 mg/day (%) (n=1955) Placebo (%) (n=1180) Body As A Whole Pain, abdominal 2.9 2.5 Asthenia/fat",
albuterol,IPRATROPIUM BROMIDE AND ALBUTEROL SULFATE SOLUTION [A-S MEDICATION SOLUTIONS],65504330-6c02-4e30-9f32-51393e06f20c,OK,5,"DESCRIPTION The active components in Ipratropium Bromide and Albuterol Sulfate Inhalation Solution, USP are albuterol sulfate, USP and ipratropium bromide, USP. Albuterol sulfate is a salt of racemic albuterol and a relatively selective β 2 -adrenergic bronchodilator chemically described as α 1 -[( tert -Butylamino) methyl]-4-hydroxy- m -xylene- α,α′-diol sulfate (2:1) (salt). It has a molecular weight of 576.7 and the empirical formula is (C 13 H 21 NO 3 ) 2 • H 2 SO 4 . It is a white crystalline powder, soluble in water and slightly soluble in ethanol. The World Health Organization’s recommended name for albuterol base is salbutamol. Ipratropium bromide is an anticholinergic bronchodilator chemically described as 8-azoniabicyclo[3.2.1]-octane,3-(3-hydroxy-1-oxo-2-phenylpropoxy)-8-methyl-8-(1-methylethyl)-, bromide, monohydrate (endo,syn)-, (±)-; a synthetic quaternary ammonium compound, chemically related to atropine. It has a molecular weight of 430.4 and the empirical formula is C 20 H 30 BrNO 3 • H 2 O. It is a white crystalline substance, freely soluble in water and lower alcohols, and insoluble in lipophilic solvents such as ether, chloroform, and fluorocarbons. Each 3 mL vial of Ipratropium Bromide and Albuterol Sulfate Inhalation Solution, USP contains 3 mg (0.1%) of albuterol sulfate (equivalent to 2.5 mg (0.083%) of albuterol base) and 0.5 mg (0.017%) of ipratropium bromide in an isotonic, sterile, aqueous solution containing sodium chloride and hydrochloric acid to adjust to pH 4. Ipratropium Bromide and Albuterol Sulfate Inhalation Solution, USP is a clear, colorless solution. It does not require dilution prior to administration by nebulization. For Ipratropium Bromide and Albuterol Sulfate Inhalation Solution, USP, like all other nebulized treatments, the amount delivered to the lungs will depend on patient factors, the jet nebulizer utilized, and compressor performance. Using the Pari-LC-Plus™ nebulizer (with face mask or mouthpiece) connected to a PRONEB™ compressor system, under in vitro conditions, the mean delivered dose from the mouth piece (% nominal dose) was approximately 46% of albuterol and 42% of ipratropium bromide at a mean flow rate of 3.6 L/min. The mean nebulization time was 15 minutes or less. Ipratropium Bromide and Albuterol Sulfate Inhalation Solution, USP should be administered from jet nebulizers at adequate flow rates, via face masks or mouthpieces (see DOSAGE AND ADMINISTRATION ). chem structure

CLINICAL PHARMACOLOGY Ipratropium Bromide and Albuterol Sulfate Inhalation Solution is a combination of the β 2 -adrenergic bronchodilator, albuterol sulfate, and the anticholinergic bronchodilator, ipratropium bromide. Mechanism of Action Albuterol sulfate The prime action of β-adrenergic drugs is to stimulate adenyl cyclase, the enzyme that catalyzes the formation of cyclic-3’,5’-adenosine monophosphate (cAMP) from adenosine triphosphate (ATP). The cAMP thus formed mediates the cellular responses. In vitro studies and in vivo pharmacologic studies have demonstrated that albuterol has a preferential effect on β 2 -adrenergic receptors compared with isoproterenol. While it is recognized that β 2 -adrenergic receptors are the predominant receptors in bronchial smooth muscle, recent data indicated that 10% to 50% of the β-receptors in the human heart may be β 2 -receptors. The precise function of these receptors, however, is not yet established. Albuterol has been shown in most controlled clinical trials to have more effect on the respiratory tract, in the form of bronchial smooth muscle relaxation, than isoproterenol at comparable doses while producing fewer cardiovascular effects. Controlled clinical studies and other clinical experience have shown that inhaled albuterol, like other β-adrenergic agonist drugs, can produce a significant cardiovascular effect in some patients. Ipratropium bromide Ipratropium bromide is an anticholinergic (parasympatholytic) agent, which blocks the muscarinic receptors of acetylcholine, and, based on animal studies, appears to inhibit vagally mediated reflexes by antagonizing the action of acetylcholine, the transmitter agent released from the vagus nerve. Anticholinergics prevent the increases in intracellular concentration of cyclic guanosine monophosphate (cGMP), resulting from the interaction of acetylcholine with the muscarinic receptors of bronchial smooth muscle. Ipratropium Bromide and Albuterol Sulfate Inhalation Solution Ipratropium Bromide and Albuterol Sulfate Inhalation Solution is expected to maximize the response to treatment in patients with chronic obstructive pulmonary disease (COPD) by reducing bronchospasm through two distinctly different mechanisms: sympathomimetic (albuterol sulfate) and anticholinergic / parasympatholytic (ipratropium bromide). Simultaneous administration of both an anticholinergic and a β 2 -sympathomimetic is designed to produce greater bronchodilation effects than when either drug is utilized alone at it","WARNINGS PARADOXICAL BRONCHOSPASM In the clinical study of Ipratropium Bromide and Albuterol Sulfate Inhalation Solution, paradoxical bronchospasm was not observed. However, paradoxical bronchospasm has been observed with both inhaled ipratropium bromide and albuterol products and can be life-threatening. If this occurs, Ipratropium Bromide and Albuterol Sulfate Inhalation Solution should be discontinued immediately and alternative therapy instituted. DO NOT EXCEED RECOMMENDED DOSE Fatalities have been reported in association with excessive use of inhaled products containing sympathomimetic amines and with the home use of nebulizers. CARDIOVASCULAR EFFECTS Ipratropium Bromide and Albuterol Sulfate Inhalation Solution, like other beta-adrenergic agonists, can produce a clinically significant cardiovascular effect in some patients as measured by pulse rate, blood pressure, and/or symptoms. Although such effects are uncommon for Ipratropium Bromide and Albuterol Sulfate Inhalation Solution at recommended doses, if they occur, the drug may need to be discontinued. In addition, beta-agonists have been reported to produce ECG changes, such as flattening of the T-wave, prolongation of the QTc interval, and ST segment depression. The clinical significance of these findings is unknown. Therefore, Ipratropium Bromide and Albuterol Sulfate Inhalation Solution, like other sympathomimetic amines, should be used with caution in patients with cardiovascular disorders, especially coronary insufficiency, cardiac arrhythmias, and hypertension. IMMEDIATE HYPERSENSITIVITY REACTIONS Immediate hypersensitivity reactions to albuterol and/or ipratropium bromide may occur after the administration of Ipratropium Bromide and Albuterol Sulfate Inhalation Solution as demonstrated by rare cases of urticaria, angioedema, rash, pruritis, oropharyngeal edema, bronchospasm, and anaphylaxis.","ADVERSE REACTIONS Adverse reaction information concerning Ipratropium Bromide and Albuterol Sulfate Inhalation Solution was derived from the 12-week controlled clinical trial. Additional adverse reactions reported in more than 1% of patients treated with Ipratropium Bromide and Albuterol Sulfate Inhalation Solution included constipation and voice alterations. In the clinical trial, there was a 0.3% incidence of possible allergic-type reactions, including skin rash, pruritis, and urticaria. Additional information derived from the published literature on the use of albuterol sulfate and ipratropium bromide singly or in combination includes precipitation or worsening of narrow-angle glaucoma, acute eye pain, blurred vision, mydriasis, paradoxical bronchospasm, wheezing, exacerbation of COPD symptoms, drowsiness, aching, flushing, upper respiratory tract infection, palpitations, taste perversion, elevated heart rate, sinusitis, back pain, sore throat and metabolic acidosis. Because these reactions are reported voluntarily from a population of uncertain size, it is not always possible to reliably estimate their frequency or establish a causal relationship to drug exposure. b5387e98-figure-04",
metformin,"METFORMIN HYDROCHLORIDE TABLET, FILM COATED [PD-RX PHARMACEUTICALS, INC.]",4d087f00-580b-4b9d-80d9-f97930153e72,OK,0,"2 DOSAGE & ADMINISTRATION Adult Dosage for Metformin Hydrochloride Tablets: • Starting dose: 500 mg orally twice a day or 850 mg once a day, with meals ( 2.1 ) • Increase the dose in increments of 500 mg weekly or 850 mg every 2 weeks, up to a maximum dose of 2,550 mg per day, given in divided doses ( 2.1 ) • Doses above 2,000 mg may be better tolerated given 3 times a day with meals ( 2.1 ) Pediatric Dosage for Metformin Hydrochloride Tablets: • Starting dose: 500 mg orally twice a day, with meals ( 2.2 ) • Increase dosage in increments of 500 mg weekly up to a maximum of 2,000 mg per day, given in divided doses twice daily ( 2.2 ) Renal Impairment • Prior to initiation, assess renal function with estimated glomerular filtration rate (eGFR) ( 2.3 ) o Do not use in patients with eGFR below 30 mL/minute/1.73 m 2 ( 2.3 ) o Initiation is not recommended in patients with eGFR between 30 to 45 mL/minute/1.73 m 2 ( 2.3 ) o Assess risk/benefit of continuing if eGFR falls below 45 mL/minute/1.73 m 2 ( 2.3 ) o Discontinue if eGFR falls below 30 mL/minute/1.73 m 2 ( 2.3 ) Discontinuation for Iodinated Contrast Imaging Procedures: • Metformin hydrochloride tablets may need to be discontinued at time of, or prior to, iodinated contrast imaging procedures ( 2.4 ) 2.1 Adult Dosage Metformin Hydrochloride Tablets • The recommended starting dose of metformin hydrochloride tablets is 500 mg orally twice a day or 850 mg once a day, given with meals. • Increase the dose in increments of 500 mg weekly or 850 mg every 2 weeks on the basis of glycemic control and tolerability, up to a maximum dose of 2,550 mg per day, given in divided doses. • Doses above 2,000 mg may be better tolerated given 3 times a day with meals. 2.2 Pediatric Dosage for Metformin Hydrochloride Tablets • The recommended starting dose of metformin hydrochloride tablets for pediatric patients 10 years of age and older is 500 mg orally twice a day, given with meals. • Increase dosage in increments of 500 mg weekly on the basis of glycemic control and tolerability, up to a maximum of 2,000 mg per day, given in divided doses twice daily. 2.3 Recommendations for Use in Renal Impairment • Assess renal function prior to initiation of metformin hydrochloride tablets and periodically thereafter. • Metformin hydrochloride tablets are contraindicated in patients with an estimated glomerular filtration rate (eGFR) below 30 mL/minute/1.73 m 2 . • Initiation of metformin hydrochloride tablets in patients with an eGFR between 30 to 45 mL/minute/1.73 m 2 is not recommended. • In patients taking metformin hydrochloride tablets whose eGFR later falls below 45 mL/min/1.73 m 2 , assess the benefit risk of continuing therapy. • Discontinue metformin hydrochloride tablets if the patient’s eGFR later falls below 30 mL/minute/1.73 m 2 [see Warnings and Precautions ( 5.1 ) ]. 2.4 Discontinuation for Iodinated Contrast Imaging Procedures Discontinue metformin hydrochloride tablets at the time of, or prior to, an iodinated contrast imaging procedure in patients with an eGFR between 30 and 60 mL/min/1.73 m 2 ; in patients with a history of liver disease, alcoholism, or heart failure; or in patients who will be administered intra-arterial iodinated contrast. Re-evaluate eGFR 48 hours after the imaging procedure; restart metformin hydrochloride tablets if renal function is stable.

2.1 Adult Dosage Metformin Hydrochloride Tablets • The recommended starting dose of metformin hydrochloride tablets is 500 mg orally twice a day or 850 mg once a day, given with meals. • Increase the dose in increments of 500 mg weekly or 850 mg every 2 weeks on the basis of glycemic control and tolerability, up to a maximum dose of 2,550 mg per day, given in divided doses. • Doses above 2,000 mg may be better tolerated given 3 times a day with meals.

2.2 Pediatric Dosage for Metformin Hydrochloride Tablets • The recommended starting dose of metformin hydrochloride tablets for pediatric patients 10 years of age and older is 500 mg orally twice a day, given with meals. • Increase dosage in increments of 500 mg weekly on the basis of glycemic control and tolerability, up to a maximum of 2,000 mg per day, given in divided doses twice daily.

2.3 Recommendations for Use in Renal Impairment • Assess renal function prior to initiation of metformin hydrochloride tablets and periodically thereafter. • Metformin hydrochloride tablets are contraindicated in patients with an estimated glomerular filtration rate (eGFR) below 30 mL/minute/1.73 m 2 . • Initiation of metformin hydrochloride tablets in patients with an eGFR between 30 to 45 mL/minute/1.73 m 2 is not recommended. • In patients taking metformin hydrochloride tablets whose eGFR later falls below 45 mL/min/1.73 m 2 , assess the benefit risk of continuing therapy. • Discontinue metformin hydrochloride tablets if the patient’s eGFR later falls below 30 mL/minute/1.73 m 2 [see Warnings and Precautions ( 5.1 ) ].

2.4 Discontinuation for Iodinated Contrast Imaging ","5 WARNINGS AND PRECAUTIONS • Lactic Acidosis: See boxed warning. ( 5.1 ) • Vitamin B 12 Deficiency: Metformin may lower vitamin B 12 levels. Measure hematological parameters annually and vitamin B 12 at 2 to 3 year intervals and manage any abnormalities. ( 5.2 ) • Hypoglycemia with Concomitant Use with Insulin and Insulin Secretagogues: Increased risk of hypoglycemia when used in combination with insulin and/or an insulin secretagogue. Lower dose of insulin or insulin secretagogue may be required ( 5.3 ) 5.1 Lactic Acidosis There have been post marketing cases of metformin-associated lactic acidosis, including fatal cases. These cases had a subtle onset and were accompanied by nonspecific symptoms such as malaise, myalgias, abdominal pain, respiratory distress, or increased somnolence; however, hypotension and resistant bradyarrhythmias have occurred with severe acidosis. Metformin associated lactic acidosis was characterized by elevated blood lactate concentrations (>5 mmol/L), anion gap acidosis (without evidence of ketonuria or ketonemia), and an increased lactate: pyruvate ratio; metformin plasma levels were generally >5 mcg/mL. Metformin decreases liver uptake of lactate increasing lactate blood levels which may increase the risk of lactic acidosis, especially in patients at risk. If metformin-associated lactic acidosis is suspected, general supportive measures should be instituted promptly in a hospital setting, along with immediate discontinuation of metformin hydrochloride tablets. In metformin hydrochloride tablets a treated patient with a diagnosis or strong suspicion of lactic acidosis, prompt hemodialysis is recommended to correct the acidosis and remove accumulated metformin (Metformin hydrochloride is dialyzable with a clearance of up to 170 mL/min under good hemodynamic conditions). Hemodialysis has often resulted in reversal of symptoms and recovery. Educate patients and their families about the symptoms of lactic acidosis and, if these symptoms occu","6 ADVERSE REACTIONS The following adverse reactions are also discussed elsewhere in the labeling: • Lactic Acidosis [see Boxed Warning and Warnings and Precautions ( 5.1 )] • Vitamin B 12 Deficiency [see Warnings and Precautions ( 5.2 )] • Hypoglycemia [see Warnings and Precautions ( 5.3 )] For metformin hydrochloride tablets, the most common adverse reactions (>5.0%) are diarrhea, nausea/vomiting, flatulence, asthenia, indigestion, abdominal discomfort, and headache. ( 6.1 ) To report SUSPECTED ADVERSE REACTIONS, contact Ascend Laboratories, LLC at 1-877-272-7901 or FDA at 1-800-FDA-1088 or www.fda.gov/medwatch. 6.1 Clinical Studies Experience Because clinical trials are conducted under widely varying conditions, adverse reaction rates observed in the clinical trials of a drug cannot be directly compared to rates in the clinical trials of another drug and may not reflect the rates observed in practice. Metformin Hydrochloride Tablets In a U.S. clinical trial of metformin hydrochloride in patients with type 2 diabetes mellitus, a total of 141 patients received metformin hydrochloride up to 2,550 mg per day. Adverse reactions reported in greater than 5% of metformin hydrochloride treated patients and that were more common than in placebo-treated patients, are listed in Table 1. Table 1: Adverse Reactions from a Clinical Trial of Metformin Hydrochloride Occurring >5% and More Common than Placebo in Patients with Type 2 Diabetes Mellitus Metformin Hydrochloride (n=141) Placebo (n=145) Diarrhea 53% 12% Nausea/Vomiting 26% 8% Flatulence 12% 6% Asthenia 9% 6% Indigestion 7% 4% Abdominal Discomfort 6% 5% Headache 6% 5% Diarrhea led to discontinuation of metformin hydrochloride in 6% of patients. Additionally, the following adverse reactions were reported in ≥1% to ≤5% of metformin hydrochloride treated patients and were more commonly reported with metformin hydrochloride than placebo: abnormal stools, hypoglycemia, myalgia, lightheaded, dyspnea, nail disorder, rash, sweati",
